instant,dteday,season,yr,mnth,hr,holiday,weekday,weathersit,temp,day,month,year,atemp,hum,windspeed,casual,registered,cnt
1,01-01-2011,0,0,1,0,FALSE,6,0,0.5307268992457574,1,1,2011,1.116736407376943,1.4120355072499704,-1.683162187,-0.237798226,-0.810274764,-0.803031935
2,01-01-2011,0,0,1,1,FALSE,6,0,0.2845341931317559,1,1,2011,0.9237690629509284,1.35498923534968,-1.683162187,0.5539971764249141,-0.405870126,-0.315982986
3,01-01-2011,0,0,1,2,FALSE,6,0,0.2845341931317559,1,1,2011,0.9237690629509284,1.35498923534968,-1.683162187,0.0789199351608125,-0.512292399,-0.478332636
4,01-01-2011,0,0,1,3,FALSE,6,0,0.5307268992457574,1,1,2011,1.116736407376943,1.069757875848229,-1.683162187,-0.237798226,-0.874128128,-0.863913054
5,01-01-2011,0,0,1,4,FALSE,6,0,0.5307268992457574,1,1,2011,1.116736407376943,1.069757875848229,-1.683162187,-0.712875467,-1.06568822,-1.107437529
6,01-01-2011,0,0,1,5,FALSE,6,1,0.5307268992457574,1,1,2011,0.7320712405277162,1.069757875848229,-0.946962002,-0.712875467,-1.06568822,-1.107437529
7,01-01-2011,0,0,1,6,FALSE,6,0,0.2845341931317559,1,1,2011,0.9237690629509284,1.35498923534968,-1.683162187,-0.396157306,-1.086972675,-1.087143822
8,01-01-2011,0,0,1,7,FALSE,6,0,0.0383414870177544,1,1,2011,0.7320712405277162,1.697266866751421,-1.683162187,-0.554516387,-1.044403766,-1.066850116
9,01-01-2011,0,0,1,8,FALSE,6,0,0.5307268992457574,1,1,2011,,1.069757875848229,-1.683162187,-0.554516387,-0.937981492,-0.965381585
10,01-01-2011,0,0,1,9,FALSE,6,0,1.5154977237017642,1,1,2011,1.8860667410753968,1.1268041477485191,-1.683162187,0.5539971764249141,-0.959265947,-0.843619348
11,01-01-2011,0,0,1,10,FALSE,6,0,2.2540758420437697,1,1,2011,2.462429730347836,1.1268041477485191,0.401368916197016,1.187433498110383,-0.576145763,-0.397157811
12,01-01-2011,0,0,1,11,FALSE,6,0,2.0078831359297675,1,1,2011,1.693099396649382,1.4120355072499704,0.6470428617608774,3.404460624009524,-0.448439035,0.0087163131613221
13,01-01-2011,0,0,1,12,FALSE,6,0,2.746461254271773,1,1,2011,2.8470948971970635,1.183850419648809,0.6470428617608774,3.879537865273625,0.0836723316269951,0.5769400871894925
14,01-01-2011,0,0,1,13,FALSE,6,1,3.2388466664997764,1,1,2011,3.2317600640462905,0.898619060147358,0.7694690085468815,6.730001312858235,-0.086603306,0.7798771493424106
15,01-01-2011,0,0,1,14,FALSE,6,1,3.2388466664997764,1,1,2011,3.2317600640462905,0.898619060147358,0.6470428617608774,4.829692347801829,0.4242236063056742,1.0234016239259125
16,01-01-2011,0,0,1,15,FALSE,6,1,2.9926539603857742,1,1,2011,3.0400622416230783,1.183850419648809,0.7694690085468815,5.621487749908664,0.4029391516382567,1.1045764487870795
17,01-01-2011,0,0,1,16,FALSE,6,1,2.746461254271773,1,1,2011,2.8470948971970635,1.46908177915026,0.7694690085468815,5.779846830330031,0.0198189676247428,0.7595834431271188
18,01-01-2011,0,0,1,17,FALSE,6,1,2.9926539603857742,1,1,2011,,1.46908177915026,0.6470428617608774,1.662510739374485,0.0198189676247428,0.2319470815295319
19,01-01-2011,0,0,1,18,FALSE,6,2,2.746461254271773,1,1,2011,2.8470948971970635,1.8113594105520012,0.401368916197016,0.7123562568462813,-0.533576854,-0.417451517
20,01-01-2011,0,0,1,19,FALSE,6,2,2.746461254271773,1,1,2011,2.8470948971970635,1.8113594105520012,0.401368916197016,0.2372790155821797,-0.42715458,-0.376864105
21,01-01-2011,0,0,1,20,FALSE,6,1,2.5002685481577718,1,1,2011,2.655397074773852,1.7543131386517112,0.401368916197016,1.0290744176890156,-0.554861308,-0.397157811
22,01-01-2011,0,0,1,21,FALSE,6,1,2.5002685481577718,1,1,2011,2.655397074773852,1.7543131386517112,-0.089157323,-0.237798226,-0.42715458,-0.437745224
23,01-01-2011,0,0,1,22,FALSE,6,1,2.5002685481577718,1,1,2011,2.655397074773852,2.1536370419537425,0.1565166226250073,1.0290744176890156,-0.725136946,-0.559507461
24,01-01-2011,0,0,1,23,FALSE,6,1,3.2388466664997764,1,1,2011,,1.8113594105520012,0.7694690085468815,1.662510739374485,-0.576145763,-0.336276692
25,02-01-2011,0,0,1,0,FALSE,0,1,3.2388466664997764,2,1,2011,3.2317600640462905,1.8113594105520012,0.7694690085468815,-0.079439145,-0.810274764,-0.782738229
26,02-01-2011,0,0,1,1,FALSE,0,1,2.9926539603857742,2,1,2011,3.0400622416230783,2.1536370419537425,0.401368916197016,-0.554516387,-0.7464214,-0.782738229
27,02-01-2011,0,0,1,2,FALSE,0,1,2.746461254271773,2,1,2011,2.8470948971970635,2.495914673355484,0.6470428617608774,-0.554516387,-0.916697038,-0.945087879
28,02-01-2011,0,0,1,3,FALSE,0,1,3.2388466664997764,2,1,2011,3.2317600640462905,2.1536370419537425,-0.089157323,-0.396157306,-1.001834856,-1.005968998
29,02-01-2011,0,0,1,4,FALSE,0,1,3.2388466664997764,2,1,2011,,2.1536370419537425,-0.089157323,-0.396157306,-1.06568822,-1.066850116
30,02-01-2011,0,0,1,6,FALSE,0,2,2.746461254271773,2,1,2011,2.8470948971970635,1.183850419648809,0.7694690085468815,-0.712875467,-1.044403766,-1.087143822
31,02-01-2011,0,0,1,7,FALSE,0,1,2.5002685481577718,2,1,2011,2.655397074773852,1.1268041477485191,-0.089157323,-0.712875467,-1.06568822,-1.107437529
32,02-01-2011,0,0,1,8,FALSE,0,2,2.5002685481577718,2,1,2011,2.655397074773852,0.8415727882470678,0.1565166226250073,-0.712875467,-0.916697038,-0.965381585
33,02-01-2011,0,0,1,9,FALSE,0,1,2.2540758420437697,2,1,2011,,1.1268041477485191,0.1565166226250073,-0.554516387,-0.682568036,-0.721857111
34,02-01-2011,0,0,1,10,FALSE,0,1,2.0078831359297675,2,1,2011,1.8860667410753968,1.4120355072499704,0.1565166226250073,0.3956380960035469,-0.10788776,-0.052164805
35,02-01-2011,0,0,1,11,FALSE,0,1,2.0078831359297675,2,1,2011,1.693099396649382,0.8415727882470678,0.401368916197016,1.820869819795852,0.0623878769595777,0.2928282001754073
36,02-01-2011,0,0,1,12,FALSE,0,1,2.0078831359297675,2,1,2011,1.693099396649382,0.5563414287456172,0.7694690085468815,2.4543061414813208,0.466792515640509,0.7595834431271188
37,02-01-2011,0,0,1,13,FALSE,0,1,2.0078831359297675,2,1,2011,1.8860667410753968,0.5563414287456172,-0.579683562,1.0290744176890156,0.2752324236337521,0.3942967312518664
38,02-01-2011,0,0,1,14,FALSE,0,2,2.0078831359297675,2,1,2011,,1.1268041477485191,-0.089157323,-0.079439145,0.0836723316269951,0.0695974318071975
39,02-01-2011,0,0,1,15,FALSE,0,2,1.761690429815766,2,1,2011,1.693099396649382,1.4120355072499704,-0.334009617,2.295947061059953,0.0836723316269951,0.3740030250365745
40,02-01-2011,0,0,1,16,FALSE,0,2,1.761690429815766,2,1,2011,1.693099396649382,0.8415727882470678,-0.334009617,0.7123562568462813,0.3390857876360044,0.4145904374671582
41,02-01-2011,0,0,1,17,FALSE,0,0,1.761690429815766,2,1,2011,1.693099396649382,0.0429249816430048,-0.089157323,0.3956380960035469,0.1475256956292474,0.1913596690989483
42,02-01-2011,0,0,1,18,FALSE,0,1,2.0078831359297675,2,1,2011,1.693099396649382,-0.584584009,1.015142954110743,0.8707153372676485,-0.171741124,-0.052164805
43,02-01-2011,0,0,1,19,FALSE,0,0,1.5154977237017642,2,1,2011,1.116736407376943,-0.812769097,1.9961954323824824,-0.554516387,-0.46972349,-0.518920048
44,02-01-2011,0,0,1,20,FALSE,0,0,1.2693050175877625,2,1,2011,,-0.983907913,1.2599952476827516,0.0789199351608125,-0.725136946,-0.681269698
45,02-01-2011,0,0,1,21,FALSE,0,0,0.7769196053597593,2,1,2011,0.3474060736784892,-0.698676553,1.015142954110743,1.0290744176890156,-0.661283582,-0.498626342
46,02-01-2011,0,0,1,22,FALSE,0,0,0.5307268992457574,2,1,2011,0.1544387292524745,-0.698676553,0.7694690085468815,-0.712875467,-0.895412583,-0.945087879
47,02-01-2011,0,0,1,23,FALSE,0,0,0.2845341931317559,2,1,2011,0.3474060736784892,-0.527537737,-0.334009617,-0.712875467,-0.916697038,-0.965381585
48,03-01-2011,0,0,1,0,FALSE,1,0,0.2845341931317559,3,1,2011,-0.037259093,-0.698676553,1.2599952476827516,-0.712875467,-0.980550402,-1.026262704
49,03-01-2011,0,0,1,1,FALSE,1,0,0.0383414870177544,3,1,2011,,-0.698676553,1.7505214868186214,-0.712875467,-1.044403766,-1.087143822
50,03-01-2011,0,0,1,4,FALSE,1,0,-0.454043925,3,1,2011,-0.806589427,-0.527537737,1.5056691932466126,-0.712875467,-1.06568822,-1.107437529
51,03-01-2011,0,0,1,5,FALSE,1,0,-0.454043925,3,1,2011,-0.806589427,-0.527537737,0.6470428617608774,-0.712875467,-1.023119311,-1.066850116
52,03-01-2011,0,0,1,6,FALSE,1,0,-0.700236631,3,1,2011,-1.191254594,-0.356398922,1.5056691932466126,-0.712875467,-0.448439035,-0.518920048
53,03-01-2011,0,0,1,7,FALSE,1,0,-0.700236631,3,1,2011,-0.806589427,-0.356398922,-0.089157323,-0.554516387,0.2539479689663346,0.1710659628836565
54,03-01-2011,0,0,1,8,FALSE,1,0,-0.700236631,3,1,2011,-0.999556771,-0.356398922,0.6470428617608774,-0.554516387,2.169548889033904,1.9974995222599188
55,03-01-2011,0,0,1,9,FALSE,1,0,-0.454043925,3,1,2011,-0.806589427,-0.755722825,1.5056691932466126,0.3956380960035469,0.6370681529798485,0.6581149120506598
56,03-01-2011,0,0,1,10,FALSE,1,0,-0.207851219,3,1,2011,-0.42192426,-0.755722825,0.401368916197016,1.0290744176890156,-0.384585671,-0.234808161
57,03-01-2011,0,0,1,11,FALSE,1,0,0.0383414870177544,3,1,2011,-0.230226438,-0.926861641,1.015142954110743,0.8707153372676485,-0.214310034,-0.092752218
58,03-01-2011,0,0,1,12,FALSE,1,0,0.2845341931317559,3,1,2011,0.1544387292524745,-1.212093,0.7694690085468815,1.3457925785317502,-0.065318851,0.1101848442377811
59,03-01-2011,0,0,1,13,FALSE,1,0,0.5307268992457574,3,1,2011,,-1.212093,0.6470428617608774,0.5539971764249141,0.0411034222921602,0.1101848442377811
60,03-01-2011,0,0,1,14,FALSE,1,0,0.7769196053597593,3,1,2011,0.5391038961017014,-1.49732436,0.6470428617608774,1.0290744176890156,0.317801332968587,0.4348841436824499
61,03-01-2011,0,0,1,15,FALSE,1,0,0.7769196053597593,3,1,2011,0.5391038961017014,-1.49732436,0.401368916197016,1.5041516589531174,0.1475256956292474,0.3334156126059909
62,03-01-2011,0,0,1,16,FALSE,1,0,0.7769196053597593,3,1,2011,0.5391038961017014,-1.49732436,0.401368916197016,0.7123562568462813,0.3390857876360044,0.4145904374671582
63,03-01-2011,0,0,1,17,FALSE,1,0,0.5307268992457574,3,1,2011,0.3474060736784892,-1.49732436,0.1565166226250073,1.0290744176890156,2.020557706361982,2.058380640905794
64,03-01-2011,0,0,1,18,FALSE,1,0,0.5307268992457574,3,1,2011,0.7320712405277162,-1.383231816,-0.824535856,0.7123562568462813,2.0631266156968167,2.058380640905794
65,03-01-2011,0,0,1,19,FALSE,1,0,0.0383414870177544,3,1,2011,0.7320712405277162,-0.527537737,-1.683162187,0.5539971764249141,1.0840417009956147,1.1045764487870795
66,03-01-2011,0,0,1,20,FALSE,1,0,0.0383414870177544,3,1,2011,,-0.527537737,-0.824535856,-0.237798226,-0.044034396,-0.072458512
67,03-01-2011,0,0,1,21,FALSE,1,0,-0.207851219,3,1,2011,-0.037259093,0.4422488849450366,-0.579683562,-0.237798226,-0.044034396,-0.072458512
68,03-01-2011,0,0,1,22,FALSE,1,0,-0.700236631,3,1,2011,-0.614891604,0.7274802444464873,-0.579683562,-0.712875467,-0.661283582,-0.721857111
69,03-01-2011,0,0,1,23,FALSE,1,0,-0.207851219,3,1,2011,0.1544387292524745,-0.071167562,-0.824535856,-0.554516387,-0.852843674,-0.88420676
70,04-01-2011,0,0,1,0,FALSE,2,0,-0.454043925,4,1,2011,,-0.071167562,-0.824535856,-0.712875467,-0.980550402,-1.026262704
71,04-01-2011,0,0,1,1,FALSE,2,0,-0.454043925,4,1,2011,-0.230226438,0.1570175254435854,-0.824535856,-0.712875467,-1.044403766,-1.087143822
72,04-01-2011,0,0,1,2,FALSE,2,0,-0.700236631,4,1,2011,-0.614891604,0.3852026130447464,-0.579683562,-0.712875467,-1.06568822,-1.107437529
73,04-01-2011,0,0,1,4,FALSE,2,0,-0.700236631,4,1,2011,-0.230226438,0.3852026130447464,-0.946962002,-0.712875467,-1.044403766,-1.087143822
74,04-01-2011,0,0,1,5,FALSE,2,0,-0.946429337,4,1,2011,-0.614891604,0.6704339725461976,-0.824535856,-0.712875467,-1.001834856,-1.04655641
75,04-01-2011,0,0,1,6,FALSE,2,0,-0.946429337,4,1,2011,-0.614891604,1.0127116039479385,-0.824535856,-0.712875467,-0.320732307,-0.397157811
76,04-01-2011,0,0,1,7,FALSE,2,0,-0.946429337,4,1,2011,-0.614891604,1.0127116039479385,-0.579683562,-0.396157306,0.8711971543214404,0.7798771493424106
77,04-01-2011,0,0,1,8,FALSE,2,0,-0.700236631,4,1,2011,-0.614891604,0.7274802444464873,-0.334009617,-0.396157306,2.6803758010519223,2.504842177642214
78,04-01-2011,0,0,1,9,FALSE,2,0,-0.454043925,4,1,2011,-0.614891604,0.4422488849450366,0.1565166226250073,-0.396157306,0.998903882325945,0.9016393866341614
79,04-01-2011,0,0,1,10,FALSE,2,1,-0.454043925,4,1,2011,-0.806589427,0.7274802444464873,1.015142954110743,0.0789199351608125,-0.299447852,-0.275395574
80,04-01-2011,0,0,1,11,FALSE,2,0,0.2845341931317559,4,1,2011,0.1544387292524745,-0.29935265,0.7694690085468815,0.3956380960035469,-0.022749942,0.0290100193766139
81,04-01-2011,0,0,1,12,FALSE,2,0,0.2845341931317559,4,1,2011,0.3474060736784892,-0.29935265,-0.334009617,1.187433498110383,0.317801332968587,0.4551778498977417
82,04-01-2011,0,0,1,13,FALSE,2,0,0.5307268992457574,4,1,2011,0.3474060736784892,-0.01412129,-0.089157323,2.1375879806385862,0.5944992436450137,0.840758267988286
83,04-01-2011,0,0,1,14,FALSE,2,0,0.7769196053597593,4,1,2011,0.7320712405277162,-0.242306378,0.1565166226250073,0.7123562568462813,0.0623878769595777,0.1507722566683647
84,04-01-2011,0,0,1,15,FALSE,2,0,1.0231123114737612,4,1,2011,0.9237690629509284,-0.242306378,0.401368916197016,1.979228900217219,-0.065318851,0.1913596690989483
85,04-01-2011,0,0,1,16,FALSE,2,0,1.2693050175877625,4,1,2011,1.116736407376943,-0.413445194,0.401368916197016,1.662510739374485,0.3603702423034218,0.5566463809742007
86,04-01-2011,0,0,1,17,FALSE,2,0,1.0231123114737612,4,1,2011,0.9237690629509284,-0.470491465,0.1565166226250073,0.8707153372676485,3.2124871677373585,3.174534482746844
87,04-01-2011,0,0,1,18,FALSE,2,0,0.7769196053597593,4,1,2011,0.7320712405277162,-0.470491465,-0.089157323,-0.237798226,2.722944710386757,2.565723296288089
88,04-01-2011,0,0,1,19,FALSE,2,0,0.5307268992457574,4,1,2011,0.7320712405277162,-0.470491465,-0.824535856,-0.396157306,1.2543173383349542,1.1451638612176631
89,04-01-2011,0,0,1,20,FALSE,2,0,0.5307268992457574,4,1,2011,0.7320712405277162,-0.470491465,-0.824535856,-0.554516387,0.0411034222921602,-0.031871099
90,04-01-2011,0,0,1,21,FALSE,2,0,0.2845341931317559,4,1,2011,0.9237690629509284,0.4422488849450366,-1.683162187,-0.712875467,-0.065318851,-0.153633337
91,04-01-2011,0,0,1,22,FALSE,2,0,0.2845341931317559,4,1,2011,0.7320712405277162,0.4422488849450366,-0.946962002,-0.554516387,-0.363301216,-0.417451517
92,04-01-2011,0,0,1,23,FALSE,2,0,0.0383414870177544,4,1,2011,0.3474060736784892,0.7274802444464873,-0.946962002,-0.396157306,-0.895412583,-0.904500467
93,05-01-2011,0,0,1,0,FALSE,3,0,0.0383414870177544,5,1,2011,0.7320712405277162,0.4422488849450366,-1.683162187,-0.712875467,-0.959265947,-1.005968998
94,05-01-2011,0,0,1,1,FALSE,3,0,-0.454043925,5,1,2011,-0.037259093,1.0127116039479385,-0.946962002,-0.712875467,-0.959265947,-1.005968998
95,05-01-2011,0,0,1,2,FALSE,3,0,-0.454043925,5,1,2011,-0.037259093,1.0127116039479385,-0.946962002,-0.712875467,-1.044403766,-1.087143822
96,05-01-2011,0,0,1,4,FALSE,3,0,0.5307268992457574,5,1,2011,0.3474060736784892,-0.470491465,0.1565166226250073,-0.712875467,-1.044403766,-1.087143822
97,05-01-2011,0,0,1,5,FALSE,3,0,0.2845341931317559,5,1,2011,0.3474060736784892,-0.527537737,-0.334009617,-0.712875467,-1.023119311,-1.066850116
98,05-01-2011,0,0,1,6,FALSE,3,0,0.0383414870177544,5,1,2011,-0.037259093,-0.527537737,0.1565166226250073,-0.712875467,-0.384585671,-0.45803893
99,05-01-2011,0,0,1,7,FALSE,3,0,-0.207851219,5,1,2011,-0.230226438,-0.755722825,-0.089157323,-0.554516387,0.7647748809843532,0.6581149120506598
100,05-01-2011,0,0,1,8,FALSE,3,0,0.0383414870177544,5,1,2011,-0.230226438,-0.926861641,0.7694690085468815,-0.237798226,2.999642621063184,2.8295414770868828
101,05-01-2011,0,0,1,9,FALSE,3,0,0.2845341931317559,5,1,2011,-0.037259093,-1.098000456,1.015142954110743,0.2372790155821797,1.2330328836675368,1.2060449798635384
102,05-01-2011,0,0,1,10,FALSE,3,0,0.2845341931317559,5,1,2011,-0.037259093,-1.098000456,1.015142954110743,-0.079439145,0.0411034222921602,0.0290100193766139
103,05-01-2011,0,0,1,11,FALSE,3,0,0.7769196053597593,5,1,2011,0.3474060736784892,-1.326185544,1.015142954110743,1.187433498110383,-0.363301216,-0.194220749
104,05-01-2011,0,0,1,12,FALSE,3,0,0.7769196053597593,5,1,2011,0.3474060736784892,-1.326185544,1.015142954110743,0.0789199351608125,0.4880769703079264,0.4754715561130335
105,05-01-2011,0,0,1,13,FALSE,3,0,1.0231123114737612,5,1,2011,0.7320712405277162,-1.49732436,0.7694690085468815,0.2372790155821797,0.2965168783011695,0.3131219063906991
106,05-01-2011,0,0,1,14,FALSE,3,0,1.2693050175877625,5,1,2011,1.116736407376943,-1.611416903,-0.089157323,0.8707153372676485,0.0198189676247428,0.1304785504530729
107,05-01-2011,0,0,1,15,FALSE,3,0,1.2693050175877625,5,1,2011,1.116736407376943,-1.611416903,-0.089157323,0.3956380960035469,0.0836723316269951,0.1304785504530729
108,05-01-2011,0,0,1,16,FALSE,3,0,1.2693050175877625,5,1,2011,1.50140157422617,-1.611416903,-0.946962002,-0.079439145,0.7222059716495183,0.6784086182659516
109,05-01-2011,0,0,1,17,FALSE,3,0,0.5307268992457574,5,1,2011,0.3474060736784892,-1.040954184,-0.089157323,-0.079439145,2.87193589305868,2.7280729460104234
110,05-01-2011,0,0,1,18,FALSE,3,0,0.5307268992457574,5,1,2011,0.5391038961017014,-1.040954184,-0.579683562,-0.237798226,2.4462467997103308,2.301905115489296
111,05-01-2011,0,0,1,19,FALSE,3,0,0.5307268992457574,5,1,2011,0.7320712405277162,-1.040954184,-0.824535856,0.0789199351608125,1.6161530676810505,1.551037985523499
112,05-01-2011,0,0,1,20,FALSE,3,0,0.2845341931317559,5,1,2011,0.3474060736784892,-0.527537737,-0.334009617,0.3956380960035469,0.658352607647266,0.6784086182659516
113,05-01-2011,0,0,1,21,FALSE,3,0,0.0383414870177544,5,1,2011,-0.037259093,-0.29935265,-0.089157323,-0.237798226,-0.235594488,-0.255101868
114,05-01-2011,0,0,1,22,FALSE,3,0,-0.207851219,5,1,2011,-0.037259093,-0.071167562,-0.579683562,-0.554516387,-0.214310034,-0.275395574
115,05-01-2011,0,0,1,23,FALSE,3,0,0.0383414870177544,5,1,2011,0.7320712405277162,-0.527537737,-1.683162187,-0.554516387,-0.703852491,-0.742150817
116,06-01-2011,0,0,1,0,FALSE,4,0,-0.207851219,6,1,2011,0.5391038961017014,-0.071167562,-1.683162187,-0.712875467,-0.852843674,-0.904500467
117,06-01-2011,0,0,1,1,FALSE,4,0,-0.454043925,6,1,2011,0.3474060736784892,0.4422488849450366,-1.683162187,-0.712875467,-1.001834856,-1.04655641
118,06-01-2011,0,0,1,2,FALSE,4,0,-0.454043925,6,1,2011,0.3474060736784892,0.4422488849450366,-1.683162187,-0.712875467,-1.044403766,-1.087143822
119,06-01-2011,0,0,1,4,FALSE,4,1,-0.454043925,6,1,2011,-0.037259093,0.4422488849450366,-0.946962002,-0.712875467,-1.06568822,-1.107437529
120,06-01-2011,0,0,1,5,FALSE,4,1,-0.700236631,6,1,2011,-0.230226438,0.7274802444464873,-0.946962002,-0.712875467,-1.001834856,-1.04655641
121,06-01-2011,0,0,1,6,FALSE,4,1,-0.700236631,6,1,2011,-0.42192426,0.3852026130447464,-0.824535856,-0.712875467,-0.320732307,-0.397157811
122,06-01-2011,0,0,1,7,FALSE,4,1,-0.454043925,6,1,2011,0.3474060736784892,0.1570175254435854,-1.683162187,-0.712875467,0.9350505183236928,0.8001708555577024
123,06-01-2011,0,0,1,8,FALSE,4,0,-0.454043925,6,1,2011,0.3474060736784892,0.1570175254435854,-1.683162187,-0.237798226,3.5104695330812024,3.3165904262538857
124,06-01-2011,0,0,1,9,FALSE,4,1,-0.207851219,6,1,2011,0.5391038961017014,-0.29935265,-1.683162187,0.2372790155821797,1.3820240663394587,1.348100923370581
125,06-01-2011,0,0,1,10,FALSE,4,0,0.0383414870177544,6,1,2011,0.7320712405277162,-0.527537737,-1.683162187,-0.237798226,-0.193025579,-0.214514455
126,06-01-2011,0,0,1,11,FALSE,4,0,0.2845341931317559,6,1,2011,0.7320712405277162,-0.698676553,-0.946962002,-0.396157306,0.12624124096183,0.0695974318071975
127,06-01-2011,0,0,1,12,FALSE,4,0,0.7769196053597593,6,1,2011,1.116736407376943,-1.212093,-1.683162187,0.2372790155821797,0.5732147889775963,0.5769400871894925
128,06-01-2011,0,0,1,13,FALSE,4,0,0.7769196053597593,6,1,2011,0.9237690629509284,-1.212093,-0.824535856,1.187433498110383,0.0836723316269951,0.2319470815295319
129,06-01-2011,0,0,1,14,FALSE,4,0,1.0231123114737612,6,1,2011,0.9237690629509284,-1.155046728,-0.334009617,1.0290744176890156,0.1688101502966649,0.2928282001754073
130,06-01-2011,0,0,1,15,FALSE,4,0,1.0231123114737612,6,1,2011,0.9237690629509284,-1.155046728,-1.683162187,0.5539971764249141,0.0623878769595777,0.1304785504530729
131,06-01-2011,0,0,1,16,FALSE,4,0,0.7769196053597593,6,1,2011,0.7320712405277162,-1.040954184,-0.334009617,1.187433498110383,0.4880769703079264,0.6175274996200761
132,06-01-2011,0,0,1,17,FALSE,4,0,0.2845341931317559,6,1,2011,0.3474060736784892,-0.29935265,-0.334009617,0.7123562568462813,2.3823934357080785,2.362786234135171
133,06-01-2011,0,0,1,18,FALSE,4,0,0.2845341931317559,6,1,2011,0.3474060736784892,-0.29935265,-0.579683562,0.0789199351608125,2.275971162370991,2.180142878197545
134,06-01-2011,0,0,1,19,FALSE,4,0,0.2845341931317559,6,1,2011,0.7320712405277162,-0.071167562,-0.946962002,-0.237798226,1.2330328836675368,1.1451638612176631
135,06-01-2011,0,0,1,20,FALSE,4,0,0.0383414870177544,6,1,2011,0.1544387292524745,-0.29935265,-0.334009617,-0.237798226,0.317801332968587,0.2725344939601155
136,06-01-2011,0,0,1,21,FALSE,4,1,0.2845341931317559,6,1,2011,0.1544387292524745,-0.071167562,0.1565166226250073,-0.712875467,-0.065318851,-0.153633337
137,06-01-2011,0,0,1,22,FALSE,4,1,0.2845341931317559,6,1,2011,0.1544387292524745,-0.29935265,0.6470428617608774,-0.554516387,-0.001465487,-0.072458512
138,06-01-2011,0,0,1,23,FALSE,4,1,0.0383414870177544,6,1,2011,-0.037259093,0.1570175254435854,-0.089157323,-0.079439145,-0.682568036,-0.660975992
139,07-01-2011,0,0,1,0,FALSE,5,1,0.0383414870177544,7,1,2011,-0.037259093,0.4422488849450366,-0.089157323,-0.079439145,-0.810274764,-0.782738229
140,07-01-2011,0,0,1,1,FALSE,5,1,0.0383414870177544,7,1,2011,-0.037259093,0.7274802444464873,0.1565166226250073,-0.396157306,-0.980550402,-0.985675291
141,07-01-2011,0,0,1,2,FALSE,5,1,0.0383414870177544,7,1,2011,-0.037259093,0.7274802444464873,0.1565166226250073,-0.712875467,-1.06568822,-1.107437529
142,07-01-2011,0,0,1,4,FALSE,5,1,0.0383414870177544,7,1,2011,0.1544387292524745,0.7274802444464873,-0.579683562,-0.712875467,-1.06568822,-1.107437529
143,07-01-2011,0,0,1,5,FALSE,5,2,0.2845341931317559,7,1,2011,0.9237690629509284,-0.071167562,-1.683162187,-0.712875467,-0.980550402,-1.026262704
144,07-01-2011,0,0,1,6,FALSE,5,1,0.0383414870177544,7,1,2011,0.7320712405277162,0.7274802444464873,-1.683162187,0.5539971764249141,-0.533576854,-0.437745224
145,07-01-2011,0,0,1,7,FALSE,5,0,0.0383414870177544,7,1,2011,0.1544387292524745,0.7274802444464873,-0.579683562,0.5539971764249141,0.5306458796427613,0.5769400871894925
146,07-01-2011,0,0,1,8,FALSE,5,0,0.0383414870177544,7,1,2011,-0.037259093,-0.29935265,0.401368916197016,2.4543061414813208,2.957073711728349,3.1339470703162595
147,07-01-2011,0,0,1,9,FALSE,5,0,0.0383414870177544,7,1,2011,-0.230226438,-0.527537737,0.7694690085468815,0.7123562568462813,1.5735841583462156,1.5916253979540826
148,07-01-2011,0,0,1,10,FALSE,5,0,0.2845341931317559,7,1,2011,-0.037259093,-1.098000456,1.015142954110743,1.820869819795852,-0.086603306,0.1507722566683647
149,07-01-2011,0,0,1,11,FALSE,5,1,0.0383414870177544,7,1,2011,-0.037259093,-0.926861641,0.1565166226250073,2.295947061059953,-0.065318851,0.2319470815295319
150,07-01-2011,0,0,1,12,FALSE,5,1,0.0383414870177544,7,1,2011,-0.037259093,-1.098000456,0.401368916197016,0.7123562568462813,-0.022749942,0.0695974318071975
151,07-01-2011,0,0,1,13,FALSE,5,1,0.0383414870177544,7,1,2011,-0.230226438,-1.098000456,0.6470428617608774,0.7123562568462813,0.2752324236337521,0.3537093188212827
152,07-01-2011,0,0,1,14,FALSE,5,1,0.0383414870177544,7,1,2011,-0.037259093,-0.926861641,0.401368916197016,0.3956380960035469,-0.171741124,-0.113045924
153,07-01-2011,0,0,1,15,FALSE,5,1,0.0383414870177544,7,1,2011,0.1544387292524745,-1.098000456,-0.334009617,0.7123562568462813,0.2539479689663346,0.3334156126059909
154,07-01-2011,0,0,1,16,FALSE,5,1,0.0383414870177544,7,1,2011,0.1544387292524745,-1.098000456,-0.334009617,0.0789199351608125,0.658352607647266,0.6378212058353679
155,07-01-2011,0,0,1,17,FALSE,5,1,0.0383414870177544,7,1,2011,0.7320712405277162,-1.098000456,-1.683162187,0.7123562568462813,2.70166025571934,2.6671918273645483
156,07-01-2011,0,0,1,18,FALSE,5,0,0.0383414870177544,7,1,2011,0.3474060736784892,-0.926861641,-0.946962002,0.3956380960035469,1.3820240663394587,1.3683946295858729
157,07-01-2011,0,0,1,19,FALSE,5,0,-0.454043925,7,1,2011,-0.037259093,-0.071167562,-0.946962002,-0.237798226,0.8711971543214404,0.8001708555577024
158,07-01-2011,0,0,1,20,FALSE,5,0,-0.207851219,7,1,2011,0.1544387292524745,-0.527537737,-0.824535856,-0.554516387,-0.022749942,-0.092752218
159,07-01-2011,0,0,1,21,FALSE,5,0,-0.207851219,7,1,2011,-0.037259093,-0.527537737,-0.579683562,-0.712875467,-0.256878943,-0.336276692
160,07-01-2011,0,0,1,22,FALSE,5,1,-0.207851219,7,1,2011,-0.037259093,-0.755722825,-0.334009617,-0.396157306,-0.363301216,-0.397157811
161,07-01-2011,0,0,1,23,FALSE,5,1,-0.207851219,7,1,2011,-0.037259093,-0.29935265,-0.334009617,-0.554516387,-0.78899031,-0.823325642
162,08-01-2011,0,0,1,0,FALSE,6,1,-0.207851219,8,1,2011,-0.037259093,-0.29935265,-0.334009617,-0.554516387,-0.576145763,-0.62038858
163,08-01-2011,0,0,1,1,FALSE,6,1,-0.207851219,8,1,2011,0.1544387292524745,-0.071167562,-0.946962002,-0.554516387,-0.767705855,-0.803031935
164,08-01-2011,0,0,1,2,FALSE,6,1,-0.207851219,8,1,2011,0.5391038961017014,-0.071167562,-1.683162187,-0.237798226,-0.810274764,-0.803031935
165,08-01-2011,0,0,1,3,FALSE,6,2,-0.207851219,8,1,2011,-0.037259093,-0.071167562,-0.334009617,-0.712875467,-0.937981492,-0.985675291
166,08-01-2011,0,0,1,4,FALSE,6,2,-0.207851219,8,1,2011,-0.037259093,-0.071167562,-0.334009617,-0.712875467,-1.06568822,-1.107437529
167,08-01-2011,0,0,1,5,FALSE,6,1,-0.454043925,8,1,2011,-0.42192426,1.0127116039479385,-0.334009617,-0.712875467,-0.980550402,-1.026262704
168,08-01-2011,0,0,1,6,FALSE,6,1,-0.454043925,8,1,2011,-0.42192426,1.0127116039479385,-0.334009617,-0.712875467,-1.044403766,-1.087143822
169,08-01-2011,0,0,1,7,FALSE,6,1,-0.454043925,8,1,2011,-0.230226438,1.0127116039479385,-0.824535856,-0.554516387,-0.916697038,-0.945087879
170,08-01-2011,0,0,1,8,FALSE,6,2,-0.454043925,8,1,2011,-0.230226438,2.0965907700534525,-0.824535856,-0.712875467,-0.767705855,-0.823325642
171,08-01-2011,0,0,1,9,FALSE,6,2,-0.454043925,8,1,2011,-0.230226438,2.0965907700534525,-0.824535856,-0.712875467,-0.661283582,-0.721857111
172,08-01-2011,0,0,1,10,FALSE,6,1,-0.207851219,8,1,2011,-0.037259093,1.35498923534968,-0.334009617,0.0789199351608125,0.1049567862944126,0.1101848442377811
173,08-01-2011,0,0,1,11,FALSE,6,1,0.0383414870177544,8,1,2011,-0.230226438,0.7274802444464873,1.5056691932466126,-0.396157306,0.1900946049640823,0.1304785504530729
174,08-01-2011,0,0,1,12,FALSE,6,1,0.0383414870177544,8,1,2011,-0.230226438,0.1570175254435854,1.2599952476827516,0.5539971764249141,0.8286282449866055,0.8610519742035778
175,08-01-2011,0,0,1,13,FALSE,6,0,0.0383414870177544,8,1,2011,-0.230226438,-0.698676553,1.015142954110743,0.3956380960035469,0.9350505183236928,0.942226799064745
176,08-01-2011,0,0,1,14,FALSE,6,0,0.0383414870177544,8,1,2011,-0.42192426,-1.383231816,2.363473872740496,1.187433498110383,0.6796370623146835,0.8001708555577024
177,08-01-2011,0,0,1,15,FALSE,6,0,0.0383414870177544,8,1,2011,-0.42192426,-1.383231816,1.9961954323824824,0.0789199351608125,0.3816546969708393,0.3740030250365745
178,08-01-2011,0,0,1,16,FALSE,6,0,-0.207851219,8,1,2011,-0.806589427,-1.554370632,1.9961954323824824,0.5539971764249141,0.3603702423034218,0.4145904374671582
179,08-01-2011,0,0,1,17,FALSE,6,0,-0.454043925,8,1,2011,-0.999556771,-1.098000456,2.8540001118763656,0.0789199351608125,0.2752324236337521,0.2725344939601155
180,08-01-2011,0,0,1,18,FALSE,6,0,-0.700236631,8,1,2011,-0.999556771,-0.983907913,0.7694690085468815,-0.237798226,0.0198189676247428,-0.011577393
181,08-01-2011,0,0,1,19,FALSE,6,0,-0.700236631,8,1,2011,-0.999556771,-1.155046728,0.401368916197016,-0.079439145,-0.533576854,-0.518920048
182,08-01-2011,0,0,1,20,FALSE,6,0,-0.946429337,8,1,2011,-0.999556771,-1.155046728,0.401368916197016,-0.712875467,-0.491007944,-0.559507461
183,08-01-2011,0,0,1,21,FALSE,6,0,-0.946429337,8,1,2011,-1.191254594,-0.983907913,1.2599952476827516,-0.396157306,-0.342016762,-0.376864105
184,08-01-2011,0,0,1,22,FALSE,6,0,-0.946429337,8,1,2011,-1.191254594,-1.155046728,1.5056691932466126,-0.554516387,-0.384585671,-0.437745224
185,08-01-2011,0,0,1,23,FALSE,6,0,-1.192622044,8,1,2011,-1.768887105,-0.983907913,1.9961954323824824,-0.712875467,-0.618714672,-0.681269698
186,09-01-2011,0,0,1,0,FALSE,0,0,-1.192622044,9,1,2011,-1.575919761,-0.812769097,1.5056691932466126,-0.554516387,-0.576145763,-0.62038858
187,09-01-2011,0,0,1,1,FALSE,0,0,-1.192622044,9,1,2011,-1.768887105,-0.812769097,2.1186215791684866,-0.712875467,-0.831559219,-0.88420676
188,09-01-2011,0,0,1,2,FALSE,0,0,-1.192622044,9,1,2011,-1.768887105,-0.584584009,2.1186215791684866,-0.712875467,-0.852843674,-0.904500467
189,09-01-2011,0,0,1,3,FALSE,0,0,-1.192622044,9,1,2011,-1.575919761,-0.584584009,1.7505214868186214,-0.712875467,-1.001834856,-1.04655641
190,09-01-2011,0,0,1,4,FALSE,0,0,-1.43881475,9,1,2011,-1.384221938,-0.185260106,-0.089157323,-0.712875467,-1.06568822,-1.107437529
191,09-01-2011,0,0,1,5,FALSE,0,0,-1.43881475,9,1,2011,-1.384221938,-0.185260106,-0.089157323,-0.712875467,-1.06568822,-1.107437529
192,09-01-2011,0,0,1,6,FALSE,0,0,-1.192622044,9,1,2011,-1.384221938,-0.413445194,0.6470428617608774,-0.712875467,-1.06568822,-1.107437529
193,09-01-2011,0,0,1,7,FALSE,0,0,-1.43881475,9,1,2011,-1.384221938,-0.185260106,-0.089157323,-0.554516387,-0.980550402,-1.005968998
194,09-01-2011,0,0,1,8,FALSE,0,0,-1.192622044,9,1,2011,-1.384221938,-0.413445194,0.6470428617608774,-0.712875467,-0.874128128,-0.924794173
195,09-01-2011,0,0,1,9,FALSE,0,0,-0.946429337,9,1,2011,-1.575919761,-0.584584009,2.6091478183043564,-0.712875467,-0.682568036,-0.742150817
196,09-01-2011,0,0,1,10,FALSE,0,0,-0.700236631,9,1,2011,-1.191254594,-0.755722825,1.5056691932466126,-0.712875467,-0.044034396,-0.13333963
197,09-01-2011,0,0,1,11,FALSE,0,0,-0.454043925,9,1,2011,-0.999556771,-0.926861641,2.6091478183043564,-0.396157306,-0.086603306,-0.13333963
198,09-01-2011,0,0,1,12,FALSE,0,0,-0.207851219,9,1,2011,-0.806589427,-1.098000456,1.9961954323824824,-0.079439145,0.5944992436450137,0.5566463809742007
199,09-01-2011,0,0,1,13,FALSE,0,0,0.0383414870177544,9,1,2011,-0.42192426,-1.269139272,1.9961954323824824,0.2372790155821797,0.3816546969708393,0.3942967312518664
200,09-01-2011,0,0,1,14,FALSE,0,0,0.2845341931317559,9,1,2011,-0.230226438,-1.383231816,2.1186215791684866,0.5539971764249141,0.2752324236337521,0.3334156126059909
201,09-01-2011,0,0,1,15,FALSE,0,0,0.2845341931317559,9,1,2011,-0.037259093,-1.212093,1.2599952476827516,0.0789199351608125,0.5519303343101788,0.5363526747589089
202,09-01-2011,0,0,1,16,FALSE,0,0,0.0383414870177544,9,1,2011,-0.42192426,-1.269139272,1.9961954323824824,1.3457925785317502,0.5944992436450137,0.739289736911827
203,09-01-2011,0,0,1,17,FALSE,0,0,-0.207851219,9,1,2011,-0.614891604,-1.098000456,1.5056691932466126,-0.237798226,0.1688101502966649,0.1304785504530729
204,09-01-2011,0,0,1,18,FALSE,0,0,-0.454043925,9,1,2011,-0.806589427,-0.926861641,1.015142954110743,-0.079439145,-0.15045667,-0.153633337
205,09-01-2011,0,0,1,19,FALSE,0,0,-0.454043925,9,1,2011,-0.806589427,-0.755722825,1.015142954110743,-0.554516387,-0.235594488,-0.29568928
206,09-01-2011,0,0,1,20,FALSE,0,0,-0.700236631,9,1,2011,-0.999556771,-0.584584009,0.401368916197016,-0.712875467,-0.278163398,-0.356570399
207,09-01-2011,0,0,1,21,FALSE,0,0,-0.700236631,9,1,2011,-1.191254594,-0.584584009,1.7505214868186214,-0.554516387,-0.682568036,-0.721857111
208,09-01-2011,0,0,1,22,FALSE,0,0,-0.700236631,9,1,2011,-0.999556771,-0.584584009,0.7694690085468815,0.0789199351608125,-0.874128128,-0.823325642
209,09-01-2011,0,0,1,23,FALSE,0,0,-0.946429337,9,1,2011,-0.806589427,-0.356398922,-0.089157323,-0.712875467,-0.959265947,-1.005968998
210,10-01-2011,0,0,1,0,FALSE,1,0,-0.946429337,10,1,2011,-0.999556771,-0.356398922,0.6470428617608774,-0.396157306,-1.023119311,-1.026262704
211,10-01-2011,0,0,1,1,FALSE,1,0,-0.946429337,10,1,2011,-0.999556771,-0.356398922,0.6470428617608774,-0.554516387,-1.086972675,-1.107437529
212,10-01-2011,0,0,1,2,FALSE,1,0,-0.946429337,10,1,2011,-0.999556771,-0.356398922,0.1565166226250073,-0.712875467,-1.023119311,-1.066850116
213,10-01-2011,0,0,1,3,FALSE,1,0,-0.946429337,10,1,2011,-0.999556771,-0.356398922,0.1565166226250073,-0.712875467,-1.06568822,-1.107437529
214,10-01-2011,0,0,1,4,FALSE,1,0,-1.192622044,10,1,2011,-0.999556771,-0.128213834,-0.579683562,-0.554516387,-1.044403766,-1.066850116
215,10-01-2011,0,0,1,5,FALSE,1,0,-1.192622044,10,1,2011,-1.191254594,-0.128213834,0.401368916197016,-0.712875467,-1.023119311,-1.066850116
216,10-01-2011,0,0,1,6,FALSE,1,0,-0.946429337,10,1,2011,-0.999556771,-0.356398922,0.6470428617608774,-0.712875467,-0.42715458,-0.498626342
217,10-01-2011,0,0,1,7,FALSE,1,0,-0.946429337,10,1,2011,-0.999556771,-0.356398922,0.1565166226250073,-0.396157306,0.5093614249753439,0.4348841436824499
218,10-01-2011,0,0,1,8,FALSE,1,1,-0.946429337,10,1,2011,-0.999556771,-0.356398922,0.6470428617608774,-0.079439145,2.8293669837238444,2.68748553357984
219,10-01-2011,0,0,1,9,FALSE,1,1,-0.700236631,10,1,2011,-0.999556771,-0.356398922,0.401368916197016,-0.396157306,0.8711971543214404,0.7798771493424106
220,10-01-2011,0,0,1,10,FALSE,1,1,-0.700236631,10,1,2011,-0.999556771,-0.356398922,0.7694690085468815,-0.712875467,-0.42715458,-0.498626342
221,10-01-2011,0,0,1,11,FALSE,1,1,-0.454043925,10,1,2011,-0.806589427,-0.527537737,0.6470428617608774,-0.396157306,-0.491007944,-0.518920048
222,10-01-2011,0,0,1,12,FALSE,1,1,0.0383414870177544,10,1,2011,-0.230226438,-0.926861641,0.6470428617608774,0.0789199351608125,-0.086603306,-0.072458512
223,10-01-2011,0,0,1,13,FALSE,1,1,0.0383414870177544,10,1,2011,-0.230226438,-0.926861641,0.6470428617608774,-0.079439145,-0.022749942,-0.031871099
224,10-01-2011,0,0,1,14,FALSE,1,1,0.0383414870177544,10,1,2011,-0.037259093,-0.926861641,0.1565166226250073,-0.712875467,-0.086603306,-0.173927043
225,10-01-2011,0,0,1,15,FALSE,1,1,0.0383414870177544,10,1,2011,-0.037259093,-0.926861641,0.1565166226250073,-0.396157306,-0.171741124,-0.214514455
226,10-01-2011,0,0,1,16,FALSE,1,0,0.0383414870177544,10,1,2011,0.1544387292524745,-0.926861641,-0.579683562,-0.079439145,0.4029391516382567,0.3740030250365745
227,10-01-2011,0,0,1,17,FALSE,1,0,0.0383414870177544,10,1,2011,0.3474060736784892,-0.926861641,-0.824535856,-0.079439145,2.61652243704967,2.4845484714269217
228,10-01-2011,0,0,1,18,FALSE,1,0,0.0383414870177544,10,1,2011,-0.037259093,-0.926861641,0.1565166226250073,-0.554516387,2.190833343701321,2.0177932284752105
229,10-01-2011,0,0,1,19,FALSE,1,0,-0.454043925,10,1,2011,-0.42192426,-0.527537737,-0.334009617,-0.237798226,0.8711971543214404,0.8001708555577024
230,10-01-2011,0,0,1,20,FALSE,1,0,-0.454043925,10,1,2011,-0.42192426,-0.356398922,-0.334009617,-0.554516387,0.466792515640509,0.3740030250365745
231,10-01-2011,0,0,1,21,FALSE,1,0,-0.700236631,10,1,2011,-0.806589427,0.1570175254435854,-0.089157323,-0.554516387,-0.299447852,-0.356570399
232,10-01-2011,0,0,1,22,FALSE,1,0,-0.700236631,10,1,2011,-0.614891604,0.1570175254435854,-0.334009617,-0.396157306,-0.618714672,-0.640682286
233,10-01-2011,0,0,1,23,FALSE,1,0,-0.700236631,10,1,2011,-0.614891604,0.1570175254435854,-0.334009617,-0.712875467,-0.703852491,-0.762444523
234,11-01-2011,0,0,1,0,FALSE,2,0,-0.700236631,11,1,2011,-0.42192426,0.1570175254435854,-0.824535856,-0.396157306,-0.874128128,-0.88420676
235,11-01-2011,0,0,1,1,FALSE,2,0,-0.700236631,11,1,2011,-0.614891604,0.1570175254435854,-0.334009617,-0.712875467,-1.023119311,-1.066850116
236,11-01-2011,0,0,1,2,FALSE,2,1,-0.454043925,11,1,2011,-0.614891604,-0.071167562,-0.089157323,-0.712875467,-1.023119311,-1.066850116
237,11-01-2011,0,0,1,5,FALSE,2,1,-0.454043925,11,1,2011,-0.230226438,-0.071167562,-0.579683562,-0.712875467,-0.959265947,-1.005968998
238,11-01-2011,0,0,1,6,FALSE,2,1,-0.454043925,11,1,2011,-0.230226438,-0.071167562,-0.579683562,-0.712875467,-0.512292399,-0.579801167
239,11-01-2011,0,0,1,7,FALSE,2,1,-0.454043925,11,1,2011,0.3474060736784892,-0.071167562,-1.683162187,-0.396157306,0.9776194276585276,0.8813456804188696
240,11-01-2011,0,0,1,8,FALSE,2,1,-0.207851219,11,1,2011,0.1544387292524745,-0.29935265,-0.946962002,-0.237798226,3.467900623746368,3.2760030138233023
241,11-01-2011,0,0,1,9,FALSE,2,1,-0.207851219,11,1,2011,-0.037259093,-0.29935265,-0.334009617,-0.237798226,1.6161530676810505,1.5104505730929154
242,11-01-2011,0,0,1,10,FALSE,2,1,0.0383414870177544,11,1,2011,0.1544387292524745,-0.29935265,-0.334009617,-0.237798226,-0.001465487,-0.031871099
243,11-01-2011,0,0,1,11,FALSE,2,1,0.0383414870177544,11,1,2011,0.1544387292524745,-0.527537737,-0.579683562,-0.079439145,-0.42715458,-0.417451517
244,11-01-2011,0,0,1,12,FALSE,2,1,0.0383414870177544,11,1,2011,0.3474060736784892,-0.29935265,-0.824535856,-0.396157306,0.0836723316269951,0.0290100193766139
245,11-01-2011,0,0,1,13,FALSE,2,1,0.0383414870177544,11,1,2011,0.3474060736784892,0.1570175254435854,-0.946962002,0.2372790155821797,-0.10788776,-0.072458512
246,11-01-2011,0,0,1,14,FALSE,2,1,0.0383414870177544,11,1,2011,0.3474060736784892,0.1570175254435854,-0.946962002,-0.237798226,0.1900946049640823,0.1507722566683647
247,11-01-2011,0,0,1,15,FALSE,2,1,-0.454043925,11,1,2011,-0.037259093,1.35498923534968,-0.946962002,-0.396157306,-0.129172215,-0.173927043
248,11-01-2011,0,0,1,16,FALSE,2,1,-0.454043925,11,1,2011,-0.614891604,1.697266866751421,0.1565166226250073,-0.079439145,0.4455080609730916,0.4145904374671582
249,11-01-2011,0,0,1,17,FALSE,2,1,-0.454043925,11,1,2011,-0.614891604,1.697266866751421,0.1565166226250073,0.2372790155821797,1.6800064316833028,1.6322128103846665
250,11-01-2011,0,0,1,18,FALSE,2,2,-0.454043925,11,1,2011,-0.230226438,2.0965907700534525,-0.824535856,-0.554516387,0.9137660636562752,0.8001708555577024
251,11-01-2011,0,0,1,19,FALSE,2,2,-0.454043925,11,1,2011,0.3474060736784892,2.0965907700534525,-1.683162187,-0.712875467,-0.001465487,-0.092752218
252,11-01-2011,0,0,1,20,FALSE,2,2,-0.454043925,11,1,2011,-0.614891604,2.0965907700534525,-0.089157323,-0.712875467,-0.405870126,-0.478332636
253,11-01-2011,0,0,1,21,FALSE,2,2,-0.454043925,11,1,2011,-0.037259093,1.697266866751421,-0.946962002,-0.712875467,-0.661283582,-0.721857111
254,11-01-2011,0,0,1,22,FALSE,2,2,-0.454043925,11,1,2011,-0.230226438,2.0965907700534525,-0.824535856,-0.554516387,-0.491007944,-0.539213755
255,11-01-2011,0,0,1,23,FALSE,2,2,-0.454043925,11,1,2011,-0.037259093,2.0965907700534525,-0.946962002,-0.554516387,-0.703852491,-0.742150817
256,12-01-2011,0,0,1,0,FALSE,3,1,-0.454043925,12,1,2011,-0.037259093,1.697266866751421,-0.946962002,-0.712875467,-0.937981492,-0.985675291
257,12-01-2011,0,0,1,1,FALSE,3,1,-0.454043925,12,1,2011,-0.230226438,1.697266866751421,-0.824535856,-0.712875467,-0.959265947,-1.005968998
258,12-01-2011,0,0,1,2,FALSE,3,0,-0.700236631,12,1,2011,-0.614891604,1.697266866751421,-0.579683562,-0.712875467,-1.06568822,-1.107437529
259,12-01-2011,0,0,1,5,FALSE,3,0,-0.700236631,12,1,2011,-0.614891604,1.697266866751421,-0.334009617,-0.712875467,-0.980550402,-1.026262704
260,12-01-2011,0,0,1,6,FALSE,3,0,-0.946429337,12,1,2011,-0.614891604,2.0965907700534525,-0.579683562,-0.712875467,-0.7464214,-0.803031935
261,12-01-2011,0,0,1,7,FALSE,3,0,-0.700236631,12,1,2011,-0.614891604,0.7274802444464873,-0.579683562,-0.712875467,0.0623878769595777,-0.031871099
262,12-01-2011,0,0,1,8,FALSE,3,0,-0.454043925,12,1,2011,-0.42192426,0.1570175254435854,-0.334009617,-0.237798226,1.5735841583462156,1.4698631606623318
263,12-01-2011,0,0,1,9,FALSE,3,0,-0.454043925,12,1,2011,-0.806589427,0.1570175254435854,1.015142954110743,-0.237798226,0.5732147889775963,0.5160589685436172
264,12-01-2011,0,0,1,10,FALSE,3,0,-0.207851219,12,1,2011,-0.230226438,-0.071167562,0.1565166226250073,-0.712875467,-0.256878943,-0.336276692
265,12-01-2011,0,0,1,11,FALSE,3,0,0.0383414870177544,12,1,2011,-0.230226438,-0.29935265,1.5056691932466126,-0.237798226,-0.405870126,-0.417451517
266,12-01-2011,0,0,1,12,FALSE,3,0,0.0383414870177544,12,1,2011,-0.614891604,-0.527537737,3.099674057440226,-0.237798226,0.0198189676247428,-0.011577393
267,12-01-2011,0,0,1,13,FALSE,3,0,0.2845341931317559,12,1,2011,-0.037259093,-0.698676553,1.2599952476827516,-0.712875467,-0.044034396,-0.13333963
268,12-01-2011,0,0,1,14,FALSE,3,0,0.0383414870177544,12,1,2011,-0.230226438,-0.527537737,1.015142954110743,-0.712875467,-0.15045667,-0.234808161
269,12-01-2011,0,0,1,15,FALSE,3,0,0.0383414870177544,12,1,2011,-0.42192426,-0.527537737,1.7505214868186214,-0.554516387,-0.065318851,-0.13333963
270,12-01-2011,0,0,1,16,FALSE,3,0,0.2845341931317559,12,1,2011,-0.037259093,-0.698676553,1.015142954110743,0.0789199351608125,0.2539479689663346,0.2522407877448237
271,12-01-2011,0,0,1,17,FALSE,3,0,0.0383414870177544,12,1,2011,-0.230226438,-0.527537737,1.2599952476827516,-0.712875467,1.87156652369006,1.6930939290305416
272,12-01-2011,0,0,1,18,FALSE,3,0,0.0383414870177544,12,1,2011,-0.614891604,-0.527537737,2.6091478183043564,-0.396157306,1.78642870502039,1.652506516599958
273,12-01-2011,0,0,1,19,FALSE,3,0,-0.207851219,12,1,2011,-0.614891604,-0.527537737,1.7505214868186214,-0.554516387,0.658352607647266,0.5566463809742007
274,12-01-2011,0,0,1,20,FALSE,3,0,-0.454043925,12,1,2011,-0.806589427,-0.356398922,1.015142954110743,-0.396157306,0.0623878769595777,0.0087163131613221
275,12-01-2011,0,0,1,21,FALSE,3,0,-0.454043925,12,1,2011,-0.806589427,-0.071167562,1.015142954110743,-0.712875467,0.12624124096183,0.0290100193766139
276,12-01-2011,0,0,1,22,FALSE,3,0,-0.454043925,12,1,2011,-0.999556771,-0.071167562,1.9961954323824824,-0.554516387,-0.405870126,-0.45803893
277,12-01-2011,0,0,1,23,FALSE,3,0,-0.700236631,12,1,2011,-1.191254594,0.1570175254435854,1.7505214868186214,-0.554516387,-0.682568036,-0.721857111
278,13-01-2011,0,0,1,0,FALSE,4,0,-0.700236631,13,1,2011,-0.999556771,0.1570175254435854,0.6470428617608774,-0.554516387,-0.959265947,-0.985675291
279,13-01-2011,0,0,1,1,FALSE,4,0,-0.700236631,13,1,2011,-0.999556771,-0.356398922,0.6470428617608774,-0.712875467,-1.044403766,-1.087143822
280,13-01-2011,0,0,1,2,FALSE,4,0,-0.700236631,13,1,2011,-0.999556771,-0.356398922,1.2599952476827516,-0.712875467,-1.044403766,-1.087143822
281,13-01-2011,0,0,1,3,FALSE,4,0,-0.700236631,13,1,2011,-0.999556771,-0.356398922,1.015142954110743,-0.712875467,-1.023119311,-1.066850116
282,13-01-2011,0,0,1,4,FALSE,4,0,-0.700236631,13,1,2011,-0.999556771,-0.356398922,0.401368916197016,-0.712875467,-1.001834856,-1.04655641
283,13-01-2011,0,0,1,5,FALSE,4,0,-0.700236631,13,1,2011,-0.999556771,-0.356398922,0.7694690085468815,-0.712875467,-1.023119311,-1.066850116
284,13-01-2011,0,0,1,6,FALSE,4,0,-0.946429337,13,1,2011,-0.614891604,-0.128213834,-0.579683562,-0.712875467,-0.491007944,-0.559507461
285,13-01-2011,0,0,1,7,FALSE,4,0,-0.946429337,13,1,2011,-0.614891604,-0.128213834,-0.579683562,-0.712875467,0.4455080609730916,0.3334156126059909
286,13-01-2011,0,0,1,8,FALSE,4,0,-0.700236631,13,1,2011,-0.806589427,-0.356398922,-0.089157323,0.0789199351608125,3.106064894400271,2.971597420593925
287,13-01-2011,0,0,1,9,FALSE,4,0,-0.700236631,13,1,2011,-0.999556771,-0.356398922,1.015142954110743,-0.396157306,1.828997614355225,1.6930939290305416
288,13-01-2011,0,0,1,10,FALSE,4,1,-0.454043925,13,1,2011,-0.806589427,-0.356398922,1.2599952476827516,-0.396157306,-0.320732307,-0.356570399
289,13-01-2011,0,0,1,11,FALSE,4,1,0.0383414870177544,13,1,2011,-0.42192426,-0.698676553,1.9961954323824824,-0.079439145,-0.384585671,-0.376864105
290,13-01-2011,0,0,1,12,FALSE,4,0,0.0383414870177544,13,1,2011,-0.42192426,-0.698676553,1.7505214868186214,-0.237798226,-0.044034396,-0.072458512
291,13-01-2011,0,0,1,13,FALSE,4,0,0.2845341931317559,13,1,2011,-0.037259093,-0.869815369,1.9961954323824824,-0.396157306,0.6370681529798485,0.5566463809742007
292,13-01-2011,0,0,1,14,FALSE,4,0,0.2845341931317559,13,1,2011,-0.037259093,-0.869815369,1.5056691932466126,-0.237798226,-0.256878943,-0.275395574
293,13-01-2011,0,0,1,15,FALSE,4,0,0.5307268992457574,13,1,2011,0.1544387292524745,-1.040954184,0.7694690085468815,0.0789199351608125,0.0836723316269951,0.0898911380224893
294,13-01-2011,0,0,1,16,FALSE,4,0,0.5307268992457574,13,1,2011,0.1544387292524745,-1.040954184,1.2599952476827516,-0.396157306,0.5306458796427613,0.4551778498977417
295,13-01-2011,0,0,1,17,FALSE,4,0,0.0383414870177544,13,1,2011,-0.230226438,-0.926861641,0.6470428617608774,-0.079439145,2.275971162370991,2.159849171982253
296,13-01-2011,0,0,1,18,FALSE,4,0,0.0383414870177544,13,1,2011,-0.230226438,-0.926861641,1.015142954110743,-0.237798226,1.9141354330248948,1.7945624601070007
297,13-01-2011,0,0,1,19,FALSE,4,0,-0.454043925,13,1,2011,-0.614891604,-0.527537737,0.401368916197016,-0.554516387,0.998903882325945,0.8813456804188696
298,13-01-2011,0,0,1,20,FALSE,4,0,-0.454043925,13,1,2011,-0.614891604,-0.527537737,0.1565166226250073,-0.712875467,0.2752324236337521,0.1710659628836565
299,13-01-2011,0,0,1,21,FALSE,4,0,-0.700236631,13,1,2011,-0.999556771,-0.584584009,0.7694690085468815,-0.712875467,-0.235594488,-0.315982986
300,13-01-2011,0,0,1,22,FALSE,4,0,-0.700236631,13,1,2011,-0.999556771,-0.584584009,1.015142954110743,-0.712875467,-0.448439035,-0.518920048
301,13-01-2011,0,0,1,23,FALSE,4,0,-0.946429337,13,1,2011,-0.806589427,-0.356398922,-0.089157323,-0.554516387,-0.78899031,-0.823325642
302,14-01-2011,0,0,1,0,FALSE,5,0,-0.946429337,14,1,2011,-0.806589427,-0.356398922,-0.089157323,-0.712875467,-0.78899031,-0.843619348
303,14-01-2011,0,0,1,1,FALSE,5,0,-1.192622044,14,1,2011,-0.999556771,-0.128213834,-0.334009617,-0.712875467,-0.980550402,-1.026262704
304,14-01-2011,0,0,1,2,FALSE,5,0,-1.192622044,14,1,2011,-0.999556771,-0.128213834,-0.579683562,-0.712875467,-1.06568822,-1.107437529
305,14-01-2011,0,0,1,3,FALSE,5,0,-1.192622044,14,1,2011,-0.806589427,-0.128213834,-0.824535856,-0.712875467,-1.06568822,-1.107437529
306,14-01-2011,0,0,1,5,FALSE,5,0,-1.192622044,14,1,2011,-0.806589427,-0.128213834,-0.946962002,-0.712875467,-0.916697038,-0.965381585
307,14-01-2011,0,0,1,6,FALSE,5,0,-1.192622044,14,1,2011,-0.230226438,-0.128213834,-1.683162187,-0.712875467,-0.725136946,-0.782738229
308,14-01-2011,0,0,1,7,FALSE,5,0,-1.192622044,14,1,2011,-0.999556771,1.0127116039479385,-0.334009617,-0.712875467,0.4029391516382567,0.2928282001754073
309,14-01-2011,0,0,1,8,FALSE,5,0,-0.946429337,14,1,2011,-0.42192426,0.6704339725461976,-1.683162187,-0.396157306,2.2334022530361564,2.078674347121086
310,14-01-2011,0,0,1,9,FALSE,5,0,-0.700236631,14,1,2011,-0.614891604,0.7274802444464873,-0.579683562,-0.712875467,1.403308521006876,1.246632392294122
311,14-01-2011,0,0,1,10,FALSE,5,0,-0.207851219,14,1,2011,-0.230226438,-0.071167562,-0.089157323,-0.079439145,-0.235594488,-0.234808161
312,14-01-2011,0,0,1,11,FALSE,5,0,-0.207851219,14,1,2011,-0.42192426,-0.29935265,0.6470428617608774,0.2372790155821797,-0.086603306,-0.052164805
313,14-01-2011,0,0,1,12,FALSE,5,0,0.0383414870177544,14,1,2011,-0.037259093,-0.698676553,0.401368916197016,-0.396157306,0.1688101502966649,0.1101848442377811
314,14-01-2011,0,0,1,13,FALSE,5,0,0.2845341931317559,14,1,2011,-0.037259093,-1.098000456,1.5056691932466126,-0.079439145,0.466792515640509,0.4348841436824499
315,14-01-2011,0,0,1,14,FALSE,5,0,0.2845341931317559,14,1,2011,0.1544387292524745,-0.869815369,0.6470428617608774,0.0789199351608125,0.1688101502966649,0.1710659628836565
316,14-01-2011,0,0,1,15,FALSE,5,0,0.5307268992457574,14,1,2011,0.5391038961017014,-1.040954184,-0.334009617,0.7123562568462813,0.1688101502966649,0.2522407877448237
317,14-01-2011,0,0,1,16,FALSE,5,0,0.2845341931317559,14,1,2011,0.5391038961017014,-0.869815369,-0.824535856,-0.237798226,0.7647748809843532,0.6987023244812434
318,14-01-2011,0,0,1,17,FALSE,5,0,0.2845341931317559,14,1,2011,0.3474060736784892,-0.869815369,-0.334009617,-0.079439145,2.212117798368739,2.0989680533363777
319,14-01-2011,0,0,1,18,FALSE,5,0,0.0383414870177544,14,1,2011,0.7320712405277162,-0.527537737,-1.683162187,0.0789199351608125,1.7651442503529726,1.6930939290305416
320,14-01-2011,0,0,1,19,FALSE,5,0,-0.454043925,14,1,2011,-0.037259093,0.1570175254435854,-0.946962002,-0.237798226,0.807343790319188,0.739289736911827
321,14-01-2011,0,0,1,20,FALSE,5,0,-0.207851219,14,1,2011,0.5391038961017014,0.1570175254435854,-1.683162187,-0.712875467,0.3603702423034218,0.2522407877448237
322,14-01-2011,0,0,1,21,FALSE,5,0,-0.454043925,14,1,2011,0.3474060736784892,0.7274802444464873,-1.683162187,-0.079439145,-0.065318851,-0.072458512
323,14-01-2011,0,0,1,22,FALSE,5,1,-0.454043925,14,1,2011,0.3474060736784892,0.7274802444464873,-1.683162187,-0.396157306,-0.363301216,-0.397157811
324,14-01-2011,0,0,1,23,FALSE,5,1,-0.207851219,14,1,2011,0.5391038961017014,-0.071167562,-1.683162187,-0.554516387,-0.533576854,-0.579801167
325,15-01-2011,0,0,1,0,FALSE,6,0,-0.207851219,15,1,2011,0.5391038961017014,-0.071167562,-1.683162187,-0.237798226,-0.554861308,-0.559507461
326,15-01-2011,0,0,1,1,FALSE,6,1,-0.454043925,15,1,2011,-0.037259093,0.1570175254435854,-0.946962002,-0.396157306,-0.703852491,-0.721857111
327,15-01-2011,0,0,1,2,FALSE,6,1,-0.454043925,15,1,2011,-0.037259093,0.1570175254435854,-0.946962002,-0.712875467,-0.831559219,-0.88420676
328,15-01-2011,0,0,1,3,FALSE,6,1,-0.454043925,15,1,2011,0.3474060736784892,0.1570175254435854,-1.683162187,-0.554516387,-0.937981492,-0.965381585
329,15-01-2011,0,0,1,4,FALSE,6,1,-0.454043925,15,1,2011,0.3474060736784892,0.1570175254435854,-1.683162187,-0.712875467,-0.980550402,-1.026262704
330,15-01-2011,0,0,1,5,FALSE,6,0,-0.454043925,15,1,2011,0.3474060736784892,0.1570175254435854,-1.683162187,-0.712875467,-1.06568822,-1.107437529
331,15-01-2011,0,0,1,6,FALSE,6,0,-0.700236631,15,1,2011,-0.42192426,0.3852026130447464,-0.824535856,-0.554516387,-1.044403766,-1.066850116
332,15-01-2011,0,0,1,7,FALSE,6,0,-0.700236631,15,1,2011,0.1544387292524745,0.3852026130447464,-1.683162187,-0.554516387,-0.895412583,-0.924794173
333,15-01-2011,0,0,1,8,FALSE,6,0,-0.700236631,15,1,2011,-0.614891604,0.3852026130447464,-0.579683562,-0.554516387,-0.618714672,-0.660975992
334,15-01-2011,0,0,1,9,FALSE,6,0,-0.454043925,15,1,2011,-0.230226438,0.4422488849450366,-0.579683562,-0.396157306,-0.42715458,-0.45803893
335,15-01-2011,0,0,1,10,FALSE,6,0,-0.207851219,15,1,2011,-0.037259093,0.1570175254435854,-0.334009617,-0.396157306,0.12624124096183,0.0695974318071975
336,15-01-2011,0,0,1,11,FALSE,6,0,0.0383414870177544,15,1,2011,-0.037259093,-0.071167562,0.1565166226250073,2.1375879806385862,0.0623878769595777,0.3334156126059909
337,15-01-2011,0,0,1,12,FALSE,6,0,0.5307268992457574,15,1,2011,0.3474060736784892,-0.470491465,0.1565166226250073,1.662510739374485,0.4880769703079264,0.6784086182659516
338,15-01-2011,0,0,1,13,FALSE,6,0,1.0231123114737612,15,1,2011,0.7320712405277162,-1.040954184,0.7694690085468815,2.612665221902688,0.6157836983124311,0.9219330928494532
339,15-01-2011,0,0,1,14,FALSE,6,0,1.2693050175877625,15,1,2011,1.116736407376943,-0.983907913,0.6470428617608774,3.404460624009524,0.8711971543214404,1.2669260985094135
340,15-01-2011,0,0,1,15,FALSE,6,1,1.5154977237017642,15,1,2011,1.50140157422617,-1.155046728,-0.089157323,2.612665221902688,1.2117484290001197,1.4901568668776235
341,15-01-2011,0,0,1,16,FALSE,6,1,1.761690429815766,15,1,2011,1.693099396649382,-1.269139272,-0.089157323,4.512974186959094,0.9350505183236928,1.4698631606623318
342,15-01-2011,0,0,1,17,FALSE,6,1,1.5154977237017642,15,1,2011,1.3084342298001552,-1.155046728,0.6470428617608774,3.879537865273625,0.0623878769595777,0.5566463809742007
343,15-01-2011,0,0,1,18,FALSE,6,1,1.2693050175877625,15,1,2011,1.116736407376943,-0.641630281,0.401368916197016,1.662510739374485,0.3816546969708393,0.5769400871894925
344,15-01-2011,0,0,1,19,FALSE,6,1,1.5154977237017642,15,1,2011,1.3084342298001552,-0.983907913,0.401368916197016,1.5041516589531174,0.1900946049640823,0.3740030250365745
345,15-01-2011,0,0,1,20,FALSE,6,1,1.5154977237017642,15,1,2011,1.3084342298001552,-0.983907913,0.401368916197016,0.2372790155821797,-0.342016762,-0.29568928
346,15-01-2011,0,0,1,21,FALSE,6,1,1.5154977237017642,15,1,2011,1.3084342298001552,-0.983907913,0.1565166226250073,0.2372790155821797,-0.001465487,0.0290100193766139
347,15-01-2011,0,0,1,22,FALSE,6,1,1.2693050175877625,15,1,2011,1.50140157422617,-0.812769097,-0.824535856,-0.712875467,-0.533576854,-0.600094873
348,15-01-2011,0,0,1,23,FALSE,6,0,1.2693050175877625,15,1,2011,1.116736407376943,-0.641630281,0.6470428617608774,0.0789199351608125,-0.256878943,-0.234808161
349,16-01-2011,0,0,1,0,FALSE,0,0,0.7769196053597593,16,1,2011,1.3084342298001552,-0.01412129,-1.683162187,0.2372790155821797,-0.384585671,-0.336276692
350,16-01-2011,0,0,1,1,FALSE,0,0,0.7769196053597593,16,1,2011,0.9237690629509284,-0.01412129,-0.579683562,-0.079439145,-0.682568036,-0.660975992
351,16-01-2011,0,0,1,2,FALSE,0,0,0.7769196053597593,16,1,2011,1.116736407376943,-0.01412129,-0.946962002,-0.237798226,-0.810274764,-0.803031935
352,16-01-2011,0,0,1,3,FALSE,0,0,0.2845341931317559,16,1,2011,0.9237690629509284,0.7274802444464873,-1.683162187,0.7123562568462813,-0.959265947,-0.823325642
353,16-01-2011,0,0,1,4,FALSE,0,0,0.7769196053597593,16,1,2011,0.7320712405277162,-0.01412129,-0.334009617,-0.712875467,-1.06568822,-1.107437529
354,16-01-2011,0,0,1,5,FALSE,0,1,0.7769196053597593,16,1,2011,0.7320712405277162,-0.01412129,-0.334009617,-0.554516387,-1.06568822,-1.087143822
355,16-01-2011,0,0,1,6,FALSE,0,1,0.7769196053597593,16,1,2011,0.7320712405277162,-0.01412129,-0.334009617,-0.712875467,-1.06568822,-1.107437529
356,16-01-2011,0,0,1,7,FALSE,0,1,0.5307268992457574,16,1,2011,0.1544387292524745,-0.01412129,0.7694690085468815,-0.712875467,-1.023119311,-1.066850116
357,16-01-2011,0,0,1,8,FALSE,0,0,0.2845341931317559,16,1,2011,0.1544387292524745,-0.071167562,0.6470428617608774,-0.712875467,-0.703852491,-0.762444523
358,16-01-2011,0,0,1,9,FALSE,0,0,0.2845341931317559,16,1,2011,0.1544387292524745,-0.29935265,0.401368916197016,-0.237798226,-0.46972349,-0.478332636
359,16-01-2011,0,0,1,10,FALSE,0,0,0.2845341931317559,16,1,2011,0.1544387292524745,-0.29935265,0.6470428617608774,0.5539971764249141,0.4242236063056742,0.4754715561130335
360,16-01-2011,0,0,1,11,FALSE,0,0,0.5307268992457574,16,1,2011,0.3474060736784892,-0.698676553,0.401368916197016,2.929383382745422,0.4029391516382567,0.7595834431271188
361,16-01-2011,0,0,1,12,FALSE,0,0,0.5307268992457574,16,1,2011,0.1544387292524745,-0.869815369,0.6470428617608774,3.879537865273625,0.5093614249753439,0.9828142114953284
362,16-01-2011,0,0,1,13,FALSE,0,0,0.7769196053597593,16,1,2011,0.3474060736784892,-1.212093,0.7694690085468815,2.929383382745422,0.9350505183236928,1.2669260985094135
363,16-01-2011,0,0,1,14,FALSE,0,0,1.0231123114737612,16,1,2011,0.9237690629509284,-1.155046728,0.401368916197016,2.771024302324055,0.3816546969708393,0.7189960306965352
364,16-01-2011,0,0,1,15,FALSE,0,0,0.7769196053597593,16,1,2011,0.5391038961017014,-1.040954184,0.401368916197016,4.829692347801829,0.5732147889775963,1.1654575674329548
365,16-01-2011,0,0,1,16,FALSE,0,0,0.5307268992457574,16,1,2011,0.3474060736784892,-1.040954184,0.1565166226250073,2.771024302324055,0.5519303343101788,0.8813456804188696
366,16-01-2011,0,0,1,17,FALSE,0,0,0.2845341931317559,16,1,2011,0.1544387292524745,-1.098000456,0.401368916197016,2.929383382745422,0.658352607647266,1.0031079177106204
367,16-01-2011,0,0,1,18,FALSE,0,0,0.0383414870177544,16,1,2011,0.1544387292524745,-0.926861641,-0.334009617,1.0290744176890156,0.1049567862944126,0.2319470815295319
368,16-01-2011,0,0,1,19,FALSE,0,0,-0.207851219,16,1,2011,-0.037259093,-0.527537737,-0.579683562,1.5041516589531174,-0.086603306,0.1101848442377811
369,16-01-2011,0,0,1,20,FALSE,0,0,-0.207851219,16,1,2011,-0.037259093,-0.527537737,-0.334009617,0.3956380960035469,-0.022749942,0.0290100193766139
370,16-01-2011,0,0,1,21,FALSE,0,0,-0.207851219,16,1,2011,-0.037259093,-0.29935265,-0.334009617,0.2372790155821797,-0.618714672,-0.559507461
371,16-01-2011,0,0,1,22,FALSE,0,1,0.0383414870177544,16,1,2011,0.1544387292524745,-0.413445194,-0.579683562,-0.396157306,-0.682568036,-0.701563404
372,16-01-2011,0,0,1,23,FALSE,0,1,0.0383414870177544,16,1,2011,0.3474060736784892,-0.926861641,-0.824535856,-0.712875467,-0.703852491,-0.762444523
373,17-01-2011,0,0,1,0,TRUE,1,1,0.0383414870177544,17,1,2011,-0.037259093,-0.527537737,0.1565166226250073,-0.554516387,-0.7464214,-0.782738229
374,17-01-2011,0,0,1,1,TRUE,1,1,0.0383414870177544,17,1,2011,-0.037259093,-0.698676553,-0.089157323,-0.554516387,-0.767705855,-0.803031935
375,17-01-2011,0,0,1,2,TRUE,1,1,-0.207851219,17,1,2011,-0.42192426,-0.755722825,0.401368916197016,-0.712875467,-0.916697038,-0.965381585
376,17-01-2011,0,0,1,3,TRUE,1,1,-0.207851219,17,1,2011,-0.230226438,-0.755722825,-0.089157323,-0.712875467,-1.044403766,-1.087143822
377,17-01-2011,0,0,1,4,TRUE,1,1,-0.207851219,17,1,2011,-0.037259093,-0.755722825,-0.579683562,-0.554516387,-1.044403766,-1.066850116
378,17-01-2011,0,0,1,5,TRUE,1,1,-0.207851219,17,1,2011,-0.037259093,-0.755722825,-0.334009617,-0.712875467,-1.06568822,-1.107437529
379,17-01-2011,0,0,1,6,TRUE,1,1,-0.207851219,17,1,2011,-0.230226438,-0.755722825,-0.089157323,-0.712875467,-0.980550402,-1.026262704
380,17-01-2011,0,0,1,7,TRUE,1,1,-0.454043925,17,1,2011,-0.230226438,-0.356398922,-0.579683562,-0.079439145,-0.895412583,-0.863913054
381,17-01-2011,0,0,1,8,TRUE,1,1,-0.454043925,17,1,2011,-0.614891604,-0.527537737,0.1565166226250073,-0.237798226,-0.448439035,-0.45803893
382,17-01-2011,0,0,1,9,TRUE,1,1,-0.454043925,17,1,2011,-0.614891604,-0.527537737,0.1565166226250073,0.5539971764249141,-0.256878943,-0.173927043
383,17-01-2011,0,0,1,10,TRUE,1,1,-0.454043925,17,1,2011,-0.614891604,-0.356398922,0.401368916197016,0.3956380960035469,-0.022749942,0.0290100193766139
384,17-01-2011,0,0,1,11,TRUE,1,1,-0.454043925,17,1,2011,-0.614891604,-0.071167562,-0.089157323,0.7123562568462813,0.0836723316269951,0.1710659628836565
385,17-01-2011,0,0,1,12,TRUE,1,1,-0.207851219,17,1,2011,-0.037259093,-0.527537737,-0.579683562,0.8707153372676485,0.4029391516382567,0.4957652623283253
386,17-01-2011,0,0,1,13,TRUE,1,1,-0.207851219,17,1,2011,-0.037259093,-0.527537737,-0.579683562,1.3457925785317502,0.6157836983124311,0.7595834431271188
387,17-01-2011,0,0,1,14,TRUE,1,1,-0.207851219,17,1,2011,0.1544387292524745,-0.755722825,-0.824535856,1.187433498110383,0.4880769703079264,0.6175274996200761
388,17-01-2011,0,0,1,15,TRUE,1,1,0.0383414870177544,17,1,2011,0.1544387292524745,-0.527537737,-0.334009617,2.612665221902688,0.4455080609730916,0.7595834431271188
389,17-01-2011,0,0,1,16,TRUE,1,1,0.0383414870177544,17,1,2011,0.1544387292524745,-0.527537737,-0.334009617,0.2372790155821797,0.5306458796427613,0.5363526747589089
390,17-01-2011,0,0,1,17,TRUE,1,0,0.0383414870177544,17,1,2011,-0.037259093,-0.29935265,-0.089157323,-0.079439145,0.3390857876360044,0.3131219063906991
391,17-01-2011,0,0,1,18,TRUE,1,1,-0.207851219,17,1,2011,-0.42192426,-0.071167562,0.401368916197016,0.3956380960035469,0.7222059716495183,0.739289736911827
392,17-01-2011,0,0,1,19,TRUE,1,2,-0.207851219,17,1,2011,-0.230226438,0.1570175254435854,-0.089157323,-0.396157306,0.1475256956292474,0.0898911380224893
393,17-01-2011,0,0,1,20,TRUE,1,2,-0.454043925,17,1,2011,-0.614891604,1.35498923534968,-0.089157323,-0.079439145,-0.46972349,-0.45803893
394,17-01-2011,0,0,1,21,TRUE,1,2,-0.454043925,17,1,2011,-0.614891604,1.35498923534968,-0.089157323,-0.237798226,-0.576145763,-0.579801167
395,17-01-2011,0,0,1,22,TRUE,1,2,-0.700236631,17,1,2011,-0.999556771,2.0965907700534525,0.401368916197016,-0.712875467,-0.810274764,-0.863913054
396,17-01-2011,0,0,1,23,TRUE,1,2,-0.454043925,17,1,2011,-0.806589427,1.697266866751421,0.6470428617608774,-0.554516387,-1.023119311,-1.04655641
397,18-01-2011,0,0,1,12,FALSE,2,1,0.0383414870177544,18,1,2011,-0.230226438,1.697266866751421,1.015142954110743,-0.712875467,-1.023119311,-1.066850116
398,18-01-2011,0,0,1,13,FALSE,2,1,0.0383414870177544,18,1,2011,-0.037259093,1.697266866751421,0.1565166226250073,-0.712875467,-0.618714672,-0.681269698
399,18-01-2011,0,0,1,14,FALSE,2,1,0.2845341931317559,18,1,2011,0.3474060736784892,1.35498923534968,-0.334009617,-0.396157306,-0.533576854,-0.559507461
400,18-01-2011,0,0,1,15,FALSE,2,1,0.2845341931317559,18,1,2011,0.3474060736784892,1.7543131386517112,-0.334009617,-0.237798226,-0.405870126,-0.417451517
401,18-01-2011,0,0,1,16,FALSE,2,1,0.2845341931317559,18,1,2011,0.3474060736784892,1.7543131386517112,-0.089157323,-0.712875467,0.2113790596314998,0.1101848442377811
402,18-01-2011,0,0,1,17,FALSE,2,1,0.2845341931317559,18,1,2011,0.3474060736784892,1.46908177915026,-0.089157323,-0.554516387,1.5522997036787982,1.4089820420164565
403,18-01-2011,0,0,1,18,FALSE,2,1,0.2845341931317559,18,1,2011,0.3474060736784892,1.35498923534968,-0.334009617,-0.554516387,1.7225753410181377,1.571331691738791
404,18-01-2011,0,0,1,19,FALSE,2,1,0.2845341931317559,18,1,2011,0.3474060736784892,1.35498923534968,-0.579683562,-0.554516387,0.998903882325945,0.8813456804188696
405,18-01-2011,0,0,1,20,FALSE,2,1,0.2845341931317559,18,1,2011,0.9237690629509284,1.7543131386517112,-1.683162187,-0.712875467,0.6796370623146835,0.5566463809742007
406,18-01-2011,0,0,1,21,FALSE,2,1,0.2845341931317559,18,1,2011,0.5391038961017014,2.0965907700534525,-0.824535856,-0.712875467,-0.214310034,-0.29568928
407,18-01-2011,0,0,1,22,FALSE,2,1,0.2845341931317559,18,1,2011,0.7320712405277162,2.0965907700534525,-0.946962002,-0.712875467,-0.384585671,-0.45803893
408,18-01-2011,0,0,1,23,FALSE,2,1,0.2845341931317559,18,1,2011,0.9237690629509284,2.0965907700534525,-1.683162187,-0.554516387,-0.682568036,-0.721857111
409,19-01-2011,0,0,1,0,FALSE,3,1,0.2845341931317559,19,1,2011,0.9237690629509284,2.0965907700534525,-1.683162187,-0.712875467,-1.023119311,-1.066850116
410,19-01-2011,0,0,1,1,FALSE,3,2,0.2845341931317559,19,1,2011,0.3474060736784892,2.0965907700534525,-0.579683562,-0.554516387,-0.959265947,-0.985675291
411,19-01-2011,0,0,1,2,FALSE,3,2,0.2845341931317559,19,1,2011,0.3474060736784892,2.0965907700534525,-0.579683562,-0.712875467,-1.023119311,-1.066850116
412,19-01-2011,0,0,1,4,FALSE,3,2,0.2845341931317559,19,1,2011,0.3474060736784892,2.0965907700534525,-0.579683562,-0.554516387,-1.06568822,-1.087143822
413,19-01-2011,0,0,1,5,FALSE,3,1,0.2845341931317559,19,1,2011,0.7320712405277162,2.0965907700534525,-0.946962002,-0.712875467,-0.937981492,-0.985675291
414,19-01-2011,0,0,1,6,FALSE,3,1,0.2845341931317559,19,1,2011,0.7320712405277162,2.0965907700534525,-0.946962002,-0.712875467,-0.405870126,-0.478332636
415,19-01-2011,0,0,1,7,FALSE,3,1,0.5307268992457574,19,1,2011,0.7320712405277162,2.0395444981531625,-0.824535856,-0.554516387,0.807343790319188,0.6987023244812434
416,19-01-2011,0,0,1,8,FALSE,3,1,0.5307268992457574,19,1,2011,0.7320712405277162,2.0965907700534525,-0.824535856,-0.554516387,3.084780439732853,2.870128889517466
417,19-01-2011,0,0,1,9,FALSE,3,1,0.5307268992457574,19,1,2011,0.7320712405277162,2.0965907700534525,-0.824535856,-0.396157306,1.190463974332702,1.0842827425717876
418,19-01-2011,0,0,1,10,FALSE,3,1,0.7769196053597593,19,1,2011,0.9237690629509284,2.0965907700534525,-0.579683562,-0.554516387,-0.10788776,-0.173927043
419,19-01-2011,0,0,1,11,FALSE,3,1,1.0231123114737612,19,1,2011,1.3084342298001552,1.7543131386517112,-0.946962002,0.0789199351608125,-0.086603306,-0.072458512
420,19-01-2011,0,0,1,12,FALSE,3,1,1.2693050175877625,19,1,2011,1.50140157422617,1.4120355072499704,-0.946962002,0.0789199351608125,0.2965168783011695,0.2928282001754073
421,19-01-2011,0,0,1,13,FALSE,3,0,2.5002685481577718,19,1,2011,2.655397074773852,0.3281563411444561,0.6470428617608774,1.0290744176890156,0.3390857876360044,0.4551778498977417
422,19-01-2011,0,0,1,14,FALSE,3,0,2.5002685481577718,19,1,2011,2.655397074773852,0.0999712535432951,0.401368916197016,0.3956380960035469,0.3603702423034218,0.3942967312518664
423,19-01-2011,0,0,1,15,FALSE,3,0,2.5002685481577718,19,1,2011,2.655397074773852,-0.128213834,0.6470428617608774,-0.079439145,0.5732147889775963,0.5363526747589089
424,19-01-2011,0,0,1,16,FALSE,3,0,2.2540758420437697,19,1,2011,2.462429730347836,0.0999712535432951,1.5056691932466126,0.8707153372676485,0.9137660636562752,0.9828142114953284
425,19-01-2011,0,0,1,17,FALSE,3,0,2.0078831359297675,19,1,2011,1.693099396649382,0.0429249816430048,1.015142954110743,0.3956380960035469,2.957073711728349,2.870128889517466
426,19-01-2011,0,0,1,18,FALSE,3,0,1.761690429815766,19,1,2011,1.50140157422617,0.2711100692441659,0.6470428617608774,0.0789199351608125,2.2334022530361564,2.139555465766961
427,19-01-2011,0,0,1,19,FALSE,3,0,1.5154977237017642,19,1,2011,1.116736407376943,0.0429249816430048,1.7505214868186214,-0.079439145,1.2117484290001197,1.1451638612176631
428,19-01-2011,0,0,1,20,FALSE,3,0,1.5154977237017642,19,1,2011,1.3084342298001552,-0.413445194,0.7694690085468815,-0.396157306,0.4880769703079264,0.4145904374671582
429,19-01-2011,0,0,1,21,FALSE,3,0,1.5154977237017642,19,1,2011,1.116736407376943,-0.413445194,1.7505214868186214,-0.079439145,0.0836723316269951,0.0695974318071975
430,19-01-2011,0,0,1,22,FALSE,3,0,1.2693050175877625,19,1,2011,1.3084342298001552,-0.242306378,-0.334009617,0.2372790155821797,0.0411034222921602,0.0695974318071975
431,19-01-2011,0,0,1,23,FALSE,3,0,1.2693050175877625,19,1,2011,0.9237690629509284,-0.242306378,2.1186215791684866,-0.554516387,-0.512292399,-0.559507461
432,20-01-2011,0,0,1,0,FALSE,4,0,0.7769196053597593,20,1,2011,0.3474060736784892,-0.01412129,1.5056691932466126,0.0789199351608125,-0.916697038,-0.863913054
433,20-01-2011,0,0,1,1,FALSE,4,0,0.7769196053597593,20,1,2011,0.9237690629509284,-0.01412129,-1.683162187,-0.396157306,-1.023119311,-1.026262704
434,20-01-2011,0,0,1,2,FALSE,4,0,0.7769196053597593,20,1,2011,0.9237690629509284,-0.01412129,-1.683162187,-0.712875467,-1.044403766,-1.087143822
435,20-01-2011,0,0,1,3,FALSE,4,0,0.7769196053597593,20,1,2011,0.7320712405277162,-0.01412129,-0.334009617,-0.712875467,-1.06568822,-1.107437529
436,20-01-2011,0,0,1,4,FALSE,4,0,0.7769196053597593,20,1,2011,0.7320712405277162,-0.01412129,-0.334009617,-0.712875467,-1.06568822,-1.107437529
437,20-01-2011,0,0,1,5,FALSE,4,0,0.5307268992457574,20,1,2011,0.3474060736784892,0.2140637973438756,0.1565166226250073,-0.712875467,-0.959265947,-1.005968998
438,20-01-2011,0,0,1,6,FALSE,4,0,0.2845341931317559,20,1,2011,0.1544387292524745,0.2140637973438756,0.1565166226250073,-0.712875467,-0.342016762,-0.417451517
439,20-01-2011,0,0,1,7,FALSE,4,0,0.2845341931317559,20,1,2011,0.1544387292524745,-0.071167562,0.1565166226250073,-0.554516387,1.0414727916607798,0.9219330928494532
440,20-01-2011,0,0,1,8,FALSE,4,0,0.2845341931317559,20,1,2011,0.1544387292524745,-0.071167562,0.6470428617608774,-0.396157306,4.170287627771143,3.92540161271264
441,20-01-2011,0,0,1,9,FALSE,4,1,0.5307268992457574,20,1,2011,0.3474060736784892,-0.242306378,0.1565166226250073,-0.237798226,1.8928509783574767,1.7742687538917088
442,20-01-2011,0,0,1,10,FALSE,4,0,0.7769196053597593,20,1,2011,0.3474060736784892,-0.470491465,0.7694690085468815,-0.554516387,0.1049567862944126,0.0290100193766139
443,20-01-2011,0,0,1,11,FALSE,4,1,1.0231123114737612,20,1,2011,0.9237690629509284,-0.641630281,-0.334009617,0.0789199351608125,0.2539479689663346,0.2522407877448237
444,20-01-2011,0,0,1,12,FALSE,4,1,1.2693050175877625,20,1,2011,1.693099396649382,-0.812769097,-1.683162187,0.3956380960035469,0.5519303343101788,0.5769400871894925
445,20-01-2011,0,0,1,13,FALSE,4,1,1.0231123114737612,20,1,2011,1.116736407376943,-0.641630281,-0.824535856,1.187433498110383,0.7434904263169357,0.8610519742035778
446,20-01-2011,0,0,1,14,FALSE,4,1,1.2693050175877625,20,1,2011,1.3084342298001552,-0.641630281,-0.579683562,0.2372790155821797,0.5093614249753439,0.5160589685436172
447,20-01-2011,0,0,1,15,FALSE,4,1,1.5154977237017642,20,1,2011,1.50140157422617,-0.641630281,-0.089157323,0.5539971764249141,0.2326635142989172,0.2928282001754073
448,20-01-2011,0,0,1,16,FALSE,4,1,1.2693050175877625,20,1,2011,1.3084342298001552,-0.413445194,-0.579683562,0.5539971764249141,0.6796370623146835,0.7189960306965352
449,20-01-2011,0,0,1,17,FALSE,4,1,1.2693050175877625,20,1,2011,1.50140157422617,-0.413445194,-0.824535856,0.5539971764249141,3.318909441074445,3.2354156013927184
450,20-01-2011,0,0,1,18,FALSE,4,1,0.7769196053597593,20,1,2011,0.7320712405277162,-0.01412129,-0.089157323,-0.554516387,2.8293669837238444,2.6266044149339645
451,20-01-2011,0,0,1,19,FALSE,4,0,0.7769196053597593,20,1,2011,0.3474060736784892,-0.01412129,1.015142954110743,0.2372790155821797,2.020557706361982,1.9569121098293352
452,20-01-2011,0,0,1,20,FALSE,4,1,0.7769196053597593,20,1,2011,0.5391038961017014,0.2140637973438756,0.6470428617608774,-0.396157306,1.5522997036787982,1.4292757482317482
453,20-01-2011,0,0,1,21,FALSE,4,1,0.5307268992457574,20,1,2011,0.3474060736784892,0.2140637973438756,0.401368916197016,-0.237798226,0.0623878769595777,0.0290100193766139
454,20-01-2011,0,0,1,22,FALSE,4,1,0.5307268992457574,20,1,2011,0.1544387292524745,0.4992951568453269,0.6470428617608774,-0.712875467,0.1049567862944126,0.0087163131613221
455,20-01-2011,0,0,1,23,FALSE,4,1,0.5307268992457574,20,1,2011,0.1544387292524745,0.4992951568453269,1.015142954110743,-0.237798226,-0.491007944,-0.498626342
456,21-01-2011,0,0,1,0,FALSE,5,1,0.5307268992457574,21,1,2011,0.3474060736784892,0.7845265163467775,0.401368916197016,-0.554516387,-0.661283582,-0.701563404
457,21-01-2011,0,0,1,1,FALSE,5,1,0.5307268992457574,21,1,2011,0.3474060736784892,0.7845265163467775,0.401368916197016,-0.712875467,-0.959265947,-1.005968998
458,21-01-2011,0,0,1,2,FALSE,5,2,0.5307268992457574,21,1,2011,0.5391038961017014,1.069757875848229,-0.334009617,-0.712875467,-1.044403766,-1.087143822
459,21-01-2011,0,0,1,3,FALSE,5,2,0.2845341931317559,21,1,2011,0.1544387292524745,1.35498923534968,0.7694690085468815,-0.712875467,-1.06568822,-1.107437529
460,21-01-2011,0,0,1,4,FALSE,5,1,0.2845341931317559,21,1,2011,0.7320712405277162,1.7543131386517112,-0.946962002,-0.712875467,-1.06568822,-1.107437529
461,21-01-2011,0,0,1,5,FALSE,5,0,0.5307268992457574,21,1,2011,-0.037259093,0.2140637973438756,1.7505214868186214,-0.554516387,-1.001834856,-1.026262704
462,21-01-2011,0,0,1,6,FALSE,5,0,0.2845341931317559,21,1,2011,0.1544387292524745,-0.071167562,0.401368916197016,-0.712875467,-0.512292399,-0.579801167
463,21-01-2011,0,0,1,7,FALSE,5,0,0.0383414870177544,21,1,2011,-0.230226438,-0.29935265,0.6470428617608774,-0.396157306,0.317801332968587,0.2522407877448237
464,21-01-2011,0,0,1,8,FALSE,5,0,0.0383414870177544,21,1,2011,-0.230226438,-0.527537737,1.015142954110743,0.3956380960035469,3.382762805076698,3.2760030138233023
465,21-01-2011,0,0,1,9,FALSE,5,0,0.0383414870177544,21,1,2011,-0.230226438,-0.29935265,1.2599952476827516,0.3956380960035469,2.2972556170384086,2.2410239968434205
466,21-01-2011,0,0,1,10,FALSE,5,0,0.0383414870177544,21,1,2011,-0.42192426,-0.527537737,2.1186215791684866,0.2372790155821797,0.12624124096183,0.1507722566683647
467,21-01-2011,0,0,1,11,FALSE,5,0,0.2845341931317559,21,1,2011,-0.230226438,-0.869815369,2.1186215791684866,0.2372790155821797,0.0411034222921602,0.0695974318071975
468,21-01-2011,0,0,1,12,FALSE,5,0,0.2845341931317559,21,1,2011,-0.230226438,-1.668463175,3.099674057440226,1.0290744176890156,0.3390857876360044,0.4551778498977417
469,21-01-2011,0,0,1,13,FALSE,5,0,0.0383414870177544,21,1,2011,-0.614891604,-2.010740807,3.099674057440226,0.5539971764249141,0.2965168783011695,0.3537093188212827
470,21-01-2011,0,0,1,14,FALSE,5,0,0.0383414870177544,21,1,2011,-0.614891604,-1.782555719,2.6091478183043564,0.2372790155821797,0.1049567862944126,0.1304785504530729
471,21-01-2011,0,0,1,15,FALSE,5,0,-0.454043925,21,1,2011,-0.999556771,-1.725509447,1.9961954323824824,-0.079439145,0.2113790596314998,0.1913596690989483
472,21-01-2011,0,0,1,16,FALSE,5,0,-0.454043925,21,1,2011,-0.806589427,-1.725509447,1.2599952476827516,-0.712875467,0.9776194276585276,0.840758267988286
473,21-01-2011,0,0,1,17,FALSE,5,0,-0.700236631,21,1,2011,-0.999556771,-1.611416903,1.2599952476827516,0.8707153372676485,2.126979979699069,2.139555465766961
474,21-01-2011,0,0,1,18,FALSE,5,0,-0.946429337,21,1,2011,-0.999556771,-1.49732436,0.401368916197016,-0.554516387,1.445877430341711,1.3075135109399971
475,21-01-2011,0,0,1,19,FALSE,5,0,-0.946429337,21,1,2011,-1.191254594,-1.49732436,1.015142954110743,-0.237798226,0.8924816089888578,0.8204645617729942
476,21-01-2011,0,0,1,20,FALSE,5,0,-1.192622044,21,1,2011,-1.575919761,-1.326185544,1.7505214868186214,-0.554516387,0.0198189676247428,-0.052164805
477,21-01-2011,0,0,1,21,FALSE,5,0,-1.43881475,21,1,2011,-1.575919761,-1.040954184,0.6470428617608774,-0.712875467,-0.214310034,-0.29568928
478,21-01-2011,0,0,1,22,FALSE,5,0,-1.685007456,21,1,2011,-2.153552272,-0.869815369,1.5056691932466126,-0.554516387,-0.384585671,-0.437745224
479,21-01-2011,0,0,1,23,FALSE,5,0,-1.685007456,21,1,2011,-1.960584927,-1.040954184,1.015142954110743,-0.712875467,-0.512292399,-0.579801167
480,22-01-2011,0,0,1,0,FALSE,6,0,-1.931200162,22,1,2011,-2.153552272,-0.641630281,0.401368916197016,-0.712875467,-0.810274764,-0.863913054
481,22-01-2011,0,0,1,1,FALSE,6,1,-1.931200162,22,1,2011,-2.538217439,-0.869815369,1.5056691932466126,-0.237798226,-0.895412583,-0.88420676
482,22-01-2011,0,0,1,2,FALSE,6,1,-1.931200162,22,1,2011,-2.153552272,-0.869815369,0.401368916197016,-0.712875467,-0.852843674,-0.904500467
483,22-01-2011,0,0,1,3,FALSE,6,1,-1.931200162,22,1,2011,-2.153552272,-0.869815369,0.6470428617608774,-0.554516387,-0.959265947,-0.985675291
484,22-01-2011,0,0,1,4,FALSE,6,1,-2.177392868,22,1,2011,-2.345250094,-0.470491465,0.7694690085468815,-0.712875467,-1.023119311,-1.066850116
485,22-01-2011,0,0,1,6,FALSE,6,1,-2.177392868,22,1,2011,-2.153552272,-0.698676553,0.1565166226250073,-0.712875467,-1.044403766,-1.087143822
486,22-01-2011,0,0,1,7,FALSE,6,0,-2.177392868,22,1,2011,-2.345250094,-0.698676553,0.6470428617608774,-0.712875467,-0.916697038,-0.965381585
487,22-01-2011,0,0,1,8,FALSE,6,0,-2.177392868,22,1,2011,-2.538217439,-0.698676553,1.015142954110743,-0.554516387,-0.533576854,-0.579801167
488,22-01-2011,0,0,1,9,FALSE,6,0,-1.931200162,22,1,2011,-2.153552272,-0.869815369,0.401368916197016,-0.237798226,-0.299447852,-0.315982986
489,22-01-2011,0,0,1,10,FALSE,6,1,-1.931200162,22,1,2011,-1.768887105,-0.869815369,-0.334009617,-0.237798226,-0.022749942,-0.052164805
490,22-01-2011,0,0,1,11,FALSE,6,1,-1.685007456,22,1,2011,-1.575919761,-1.040954184,-0.579683562,-0.079439145,0.1688101502966649,0.1507722566683647
491,22-01-2011,0,0,1,12,FALSE,6,1,-1.685007456,22,1,2011,-1.191254594,-1.040954184,-0.824535856,0.8707153372676485,0.1900946049640823,0.2928282001754073
492,22-01-2011,0,0,1,13,FALSE,6,0,-1.43881475,22,1,2011,-0.42192426,-1.212093,-1.683162187,1.187433498110383,0.4455080609730916,0.5769400871894925
493,22-01-2011,0,0,1,14,FALSE,6,0,-1.192622044,22,1,2011,-0.806589427,-1.326185544,-0.824535856,1.0290744176890156,0.2752324236337521,0.3942967312518664
494,22-01-2011,0,0,1,15,FALSE,6,0,-0.946429337,22,1,2011,-0.614891604,-1.611416903,-1.683162187,0.8707153372676485,0.8924816089888578,0.9625205052800369
495,22-01-2011,0,0,1,16,FALSE,6,0,-0.946429337,22,1,2011,-0.806589427,-1.611416903,-0.089157323,1.0290744176890156,0.4455080609730916,0.5566463809742007
496,22-01-2011,0,0,1,17,FALSE,6,0,-0.946429337,22,1,2011,-0.037259093,-1.611416903,-1.683162187,0.5539971764249141,0.1688101502966649,0.2319470815295319
497,22-01-2011,0,0,1,18,FALSE,6,0,-1.43881475,22,1,2011,-1.384221938,-1.212093,-0.089157323,-0.712875467,0.0623878769595777,-0.031871099
498,22-01-2011,0,0,1,19,FALSE,6,0,-1.43881475,22,1,2011,-1.191254594,-1.212093,-0.579683562,0.2372790155821797,0.0411034222921602,0.0695974318071975
499,22-01-2011,0,0,1,20,FALSE,6,0,-1.685007456,22,1,2011,-1.575919761,-0.641630281,-0.334009617,-0.554516387,-0.15045667,-0.214514455
500,22-01-2011,0,0,1,21,FALSE,6,0,-1.685007456,22,1,2011,-1.191254594,-0.869815369,-0.946962002,-0.712875467,-0.256878943,-0.336276692
501,22-01-2011,0,0,1,22,FALSE,6,0,-1.685007456,22,1,2011,-0.614891604,-0.413445194,-1.683162187,0.3956380960035469,-0.597430218,-0.518920048
502,22-01-2011,0,0,1,23,FALSE,6,0,-1.931200162,22,1,2011,-1.575919761,0.0429249816430048,-0.824535856,-0.396157306,-0.42715458,-0.45803893
503,23-01-2011,0,0,1,0,FALSE,0,0,-1.931200162,23,1,2011,-1.575919761,0.0429249816430048,-0.824535856,-0.396157306,-0.661283582,-0.681269698
504,23-01-2011,0,0,1,1,FALSE,0,0,-1.931200162,23,1,2011,-1.575919761,0.0429249816430048,-0.824535856,-0.554516387,-0.831559219,-0.863913054
505,23-01-2011,0,0,1,2,FALSE,0,0,-2.177392868,23,1,2011,-1.768887105,0.3281563411444561,-0.579683562,-0.237798226,-0.767705855,-0.762444523
506,23-01-2011,0,0,1,3,FALSE,0,0,-2.177392868,23,1,2011,-1.768887105,0.3281563411444561,-0.579683562,-0.554516387,-1.001834856,-1.026262704
507,23-01-2011,0,0,1,5,FALSE,0,1,-1.931200162,23,1,2011,-1.575919761,0.0429249816430048,-0.824535856,-0.712875467,-1.023119311,-1.066850116
508,23-01-2011,0,0,1,6,FALSE,0,1,-1.931200162,23,1,2011,-1.575919761,0.0429249816430048,-0.824535856,-0.712875467,-1.06568822,-1.107437529
509,23-01-2011,0,0,1,7,FALSE,0,0,-1.43881475,23,1,2011,-1.191254594,0.0999712535432951,-0.334009617,-0.554516387,-1.06568822,-1.087143822
510,23-01-2011,0,0,1,8,FALSE,0,0,-1.685007456,23,1,2011,-1.575919761,0.3281563411444561,-0.334009617,-0.396157306,-0.725136946,-0.742150817
511,23-01-2011,0,0,1,9,FALSE,0,0,-1.192622044,23,1,2011,-1.575919761,-0.128213834,1.2599952476827516,-0.237798226,-0.554861308,-0.559507461
512,23-01-2011,0,0,1,10,FALSE,0,0,-0.700236631,23,1,2011,-1.191254594,-0.584584009,1.5056691932466126,0.3956380960035469,-0.001465487,0.0493037255919057
513,23-01-2011,0,0,1,11,FALSE,0,0,-0.700236631,23,1,2011,-0.806589427,-0.755722825,0.1565166226250073,2.771024302324055,0.5519303343101788,0.8813456804188696
514,23-01-2011,0,0,1,12,FALSE,0,0,-0.454043925,23,1,2011,-0.999556771,-1.098000456,2.1186215791684866,3.0877424631667894,0.8711971543214404,1.22633868607883
515,23-01-2011,0,0,1,13,FALSE,0,0,-0.700236631,23,1,2011,-1.191254594,-1.326185544,1.5056691932466126,1.187433498110383,0.5093614249753439,0.6378212058353679
516,23-01-2011,0,0,1,14,FALSE,0,0,-0.454043925,23,1,2011,-0.806589427,-1.611416903,1.2599952476827516,1.979228900217219,0.8924816089888578,1.1045764487870795
517,23-01-2011,0,0,1,15,FALSE,0,0,-0.454043925,23,1,2011,-0.806589427,-1.611416903,1.2599952476827516,1.3457925785317502,0.2752324236337521,0.4348841436824499
518,23-01-2011,0,0,1,16,FALSE,0,0,-0.454043925,23,1,2011,-0.806589427,-1.725509447,1.015142954110743,0.7123562568462813,0.1049567862944126,0.1913596690989483
519,23-01-2011,0,0,1,17,FALSE,0,0,-0.700236631,23,1,2011,-1.191254594,-1.725509447,1.5056691932466126,0.0789199351608125,-0.022749942,-0.011577393
520,23-01-2011,0,0,1,18,FALSE,0,0,-0.946429337,23,1,2011,-0.999556771,-1.49732436,0.401368916197016,0.0789199351608125,-0.15045667,-0.13333963
521,23-01-2011,0,0,1,19,FALSE,0,0,-0.946429337,23,1,2011,-0.999556771,-1.49732436,0.6470428617608774,0.0789199351608125,-0.129172215,-0.113045924
522,23-01-2011,0,0,1,20,FALSE,0,0,-1.192622044,23,1,2011,-1.191254594,-1.155046728,0.401368916197016,-0.079439145,-0.42715458,-0.417451517
523,23-01-2011,0,0,1,21,FALSE,0,0,-1.192622044,23,1,2011,-1.191254594,-1.155046728,-0.089157323,0.0789199351608125,-0.661283582,-0.62038858
524,23-01-2011,0,0,1,22,FALSE,0,0,-1.43881475,23,1,2011,-1.384221938,-1.040954184,-0.089157323,0.0789199351608125,-0.597430218,-0.559507461
525,23-01-2011,0,0,1,23,FALSE,0,0,-1.685007456,23,1,2011,-1.768887105,-0.869815369,0.1565166226250073,-0.079439145,-0.725136946,-0.701563404
526,24-01-2011,0,0,1,0,FALSE,1,0,-1.685007456,24,1,2011,-1.768887105,-0.869815369,-0.089157323,-0.712875467,-0.937981492,-0.985675291
527,24-01-2011,0,0,1,1,FALSE,1,0,-1.931200162,24,1,2011,-1.960584927,-0.641630281,-0.089157323,-0.712875467,-1.06568822,-1.107437529
528,24-01-2011,0,0,1,3,FALSE,1,0,-1.931200162,24,1,2011,-2.153552272,-0.641630281,0.401368916197016,-0.712875467,-1.06568822,-1.107437529
529,24-01-2011,0,0,1,4,FALSE,1,0,-2.177392868,24,1,2011,-1.768887105,-0.470491465,-0.579683562,-0.712875467,-1.06568822,-1.107437529
530,24-01-2011,0,0,1,5,FALSE,1,0,-2.177392868,24,1,2011,-1.768887105,-0.470491465,-0.579683562,-0.712875467,-0.980550402,-1.026262704
531,24-01-2011,0,0,1,6,FALSE,1,0,-2.177392868,24,1,2011,-1.575919761,-0.470491465,-0.946962002,-0.712875467,-0.767705855,-0.823325642
532,24-01-2011,0,0,1,7,FALSE,1,0,-2.177392868,24,1,2011,-0.999556771,-0.470491465,-1.683162187,0.0789199351608125,0.5944992436450137,0.5769400871894925
533,24-01-2011,0,0,1,8,FALSE,1,0,-1.931200162,24,1,2011,-0.806589427,-0.413445194,-1.683162187,0.2372790155821797,2.5526690730474177,2.46425476521163
534,24-01-2011,0,0,1,9,FALSE,1,0,-1.685007456,24,1,2011,-0.614891604,-0.869815369,-1.683162187,-0.079439145,0.998903882325945,0.942226799064745
535,24-01-2011,0,0,1,10,FALSE,1,0,-1.192622044,24,1,2011,-0.806589427,-0.812769097,-1.683162187,0.2372790155821797,-0.363301216,-0.315982986
536,24-01-2011,0,0,1,11,FALSE,1,0,-1.192622044,24,1,2011,-0.999556771,-0.584584009,-0.579683562,-0.237798226,-0.171741124,-0.194220749
537,24-01-2011,0,0,1,12,FALSE,1,1,-0.946429337,24,1,2011,-0.806589427,-0.812769097,-0.089157323,1.0290744176890156,0.0198189676247428,0.1507722566683647
538,24-01-2011,0,0,1,13,FALSE,1,1,-0.700236631,24,1,2011,-0.806589427,-0.755722825,0.1565166226250073,0.2372790155821797,0.0623878769595777,0.0898911380224893
539,24-01-2011,0,0,1,14,FALSE,1,1,-0.700236631,24,1,2011,-0.806589427,-0.584584009,0.1565166226250073,-0.396157306,-0.171741124,-0.214514455
540,24-01-2011,0,0,1,15,FALSE,1,0,-0.454043925,24,1,2011,-0.42192426,-0.926861641,-0.334009617,0.3956380960035469,-0.022749942,0.0290100193766139
541,24-01-2011,0,0,1,16,FALSE,1,0,-0.454043925,24,1,2011,-0.614891604,-0.527537737,0.401368916197016,-0.079439145,0.317801332968587,0.2928282001754073
542,24-01-2011,0,0,1,17,FALSE,1,0,-0.700236631,24,1,2011,-0.999556771,-0.356398922,0.401368916197016,0.2372790155821797,2.70166025571934,2.6063107087186728
543,24-01-2011,0,0,1,18,FALSE,1,0,-0.700236631,24,1,2011,-0.806589427,0.1570175254435854,-0.089157323,0.5539971764249141,1.9992732516945644,1.9772058160446269
544,24-01-2011,0,0,1,19,FALSE,1,0,-0.700236631,24,1,2011,-0.614891604,-0.128213834,-0.334009617,0.0789199351608125,1.0627572463281971,1.0234016239259125
545,24-01-2011,0,0,1,20,FALSE,1,0,-0.700236631,24,1,2011,-0.806589427,0.1570175254435854,-0.089157323,-0.554516387,0.6157836983124311,0.5160589685436172
546,24-01-2011,0,0,1,21,FALSE,1,0,-0.700236631,24,1,2011,-0.614891604,0.3852026130447464,-0.334009617,0.2372790155821797,0.0411034222921602,0.0695974318071975
547,24-01-2011,0,0,1,22,FALSE,1,1,-0.700236631,24,1,2011,-0.806589427,0.3852026130447464,0.1565166226250073,-0.237798226,-0.405870126,-0.417451517
548,24-01-2011,0,0,1,23,FALSE,1,1,-0.454043925,24,1,2011,-0.614891604,0.4422488849450366,0.401368916197016,-0.237798226,-0.639999127,-0.640682286
549,25-01-2011,0,0,1,0,FALSE,2,1,-0.454043925,25,1,2011,-0.806589427,0.7274802444464873,0.6470428617608774,-0.237798226,-0.959265947,-0.945087879
550,25-01-2011,0,0,1,1,FALSE,2,1,-0.454043925,25,1,2011,-0.42192426,0.7274802444464873,-0.334009617,-0.712875467,-0.980550402,-1.026262704
551,25-01-2011,0,0,1,2,FALSE,2,0,-0.454043925,25,1,2011,-0.614891604,0.7274802444464873,0.1565166226250073,-0.712875467,-1.044403766,-1.087143822
552,25-01-2011,0,0,1,4,FALSE,2,0,-0.700236631,25,1,2011,-0.42192426,1.0127116039479385,-0.824535856,-0.712875467,-1.06568822,-1.107437529
553,25-01-2011,0,0,1,5,FALSE,2,0,-0.700236631,25,1,2011,-0.806589427,1.0127116039479385,0.1565166226250073,-0.712875467,-0.895412583,-0.945087879
554,25-01-2011,0,0,1,6,FALSE,2,0,-0.454043925,25,1,2011,-0.230226438,1.0127116039479385,-0.824535856,-0.554516387,-0.342016762,-0.397157811
555,25-01-2011,0,0,1,7,FALSE,2,0,-0.454043925,25,1,2011,-0.614891604,1.0127116039479385,0.1565166226250073,0.0789199351608125,1.1053261556630325,1.063989036356496
556,25-01-2011,0,0,1,8,FALSE,2,1,-0.454043925,25,1,2011,-0.230226438,1.0127116039479385,-0.579683562,0.0789199351608125,3.872305262427299,3.70217084434443
557,25-01-2011,0,0,1,9,FALSE,2,1,0.0383414870177544,25,1,2011,0.3474060736784892,0.4422488849450366,-0.946962002,0.8707153372676485,1.7651442503529726,1.7945624601070007
558,25-01-2011,0,0,1,10,FALSE,2,1,0.2845341931317559,25,1,2011,0.5391038961017014,0.2140637973438756,-0.824535856,0.2372790155821797,-0.044034396,-0.011577393
559,25-01-2011,0,0,1,11,FALSE,2,1,0.5307268992457574,25,1,2011,0.5391038961017014,0.2140637973438756,-0.579683562,0.2372790155821797,0.0836723316269951,0.1101848442377811
560,25-01-2011,0,0,1,12,FALSE,2,1,0.7769196053597593,25,1,2011,1.116736407376943,-0.01412129,-0.946962002,2.612665221902688,0.7222059716495183,1.0234016239259125
561,25-01-2011,0,0,1,13,FALSE,2,1,0.7769196053597593,25,1,2011,0.9237690629509284,-0.01412129,-0.579683562,2.612665221902688,0.4455080609730916,0.7595834431271188
562,25-01-2011,0,0,1,14,FALSE,2,1,1.2693050175877625,25,1,2011,1.693099396649382,-0.641630281,-1.683162187,1.0290744176890156,0.12624124096183,0.2522407877448237
563,25-01-2011,0,0,1,15,FALSE,2,1,1.5154977237017642,25,1,2011,1.8860667410753968,-0.812769097,-1.683162187,2.612665221902688,0.2539479689663346,0.5769400871894925
564,25-01-2011,0,0,1,16,FALSE,2,1,1.5154977237017642,25,1,2011,1.8860667410753968,-0.812769097,-1.683162187,1.5041516589531174,1.0840417009956147,1.22633868607883
565,25-01-2011,0,0,1,17,FALSE,2,0,1.2693050175877625,25,1,2011,1.693099396649382,-0.641630281,-1.683162187,1.5041516589531174,3.340193895741863,3.377471544899761
566,25-01-2011,0,0,1,18,FALSE,2,1,1.2693050175877625,25,1,2011,1.50140157422617,-0.413445194,-0.946962002,0.3956380960035469,3.553038442416037,3.4383526635456367
567,25-01-2011,0,0,1,19,FALSE,2,1,0.7769196053597593,25,1,2011,0.7320712405277162,0.4992951568453269,-0.334009617,1.3457925785317502,1.7438597956855553,1.8351498725375843
568,25-01-2011,0,0,1,20,FALSE,2,0,0.5307268992457574,25,1,2011,0.3474060736784892,0.4992951568453269,-0.089157323,1.820869819795852,1.1053261556630325,1.2872198047247057
569,25-01-2011,0,0,1,21,FALSE,2,0,0.5307268992457574,25,1,2011,0.3474060736784892,0.4992951568453269,-0.089157323,0.0789199351608125,-0.235594488,-0.214514455
570,25-01-2011,0,0,1,22,FALSE,2,0,0.2845341931317559,25,1,2011,0.3474060736784892,0.4422488849450366,-0.334009617,-0.079439145,-0.044034396,-0.052164805
571,25-01-2011,0,0,1,23,FALSE,2,1,0.2845341931317559,25,1,2011,0.3474060736784892,0.4422488849450366,-0.334009617,-0.237798226,-0.299447852,-0.315982986
572,26-01-2011,0,0,1,0,FALSE,3,1,0.2845341931317559,26,1,2011,0.3474060736784892,0.7274802444464873,-0.579683562,-0.237798226,-0.78899031,-0.782738229
573,26-01-2011,0,0,1,1,FALSE,3,1,0.5307268992457574,26,1,2011,0.5391038961017014,0.4992951568453269,-0.579683562,-0.712875467,-0.980550402,-1.026262704
574,26-01-2011,0,0,1,2,FALSE,3,2,0.2845341931317559,26,1,2011,0.3474060736784892,0.7274802444464873,-0.089157323,-0.237798226,-0.937981492,-0.924794173
575,26-01-2011,0,0,1,5,FALSE,3,2,0.0383414870177544,26,1,2011,-0.230226438,1.697266866751421,0.6470428617608774,-0.712875467,-1.06568822,-1.107437529
576,26-01-2011,0,0,1,6,FALSE,3,2,0.0383414870177544,26,1,2011,-0.230226438,1.697266866751421,0.6470428617608774,-0.712875467,-0.916697038,-0.965381585
577,26-01-2011,0,0,1,7,FALSE,3,2,0.2845341931317559,26,1,2011,0.1544387292524745,1.7543131386517112,0.7694690085468815,-0.554516387,-0.46972349,-0.518920048
578,26-01-2011,0,0,1,8,FALSE,3,2,0.2845341931317559,26,1,2011,0.1544387292524745,1.7543131386517112,0.7694690085468815,-0.237798226,0.3816546969708393,0.3334156126059909
579,26-01-2011,0,0,1,9,FALSE,3,2,0.2845341931317559,26,1,2011,0.1544387292524745,1.7543131386517112,0.7694690085468815,-0.237798226,0.0836723316269951,0.0493037255919057
580,26-01-2011,0,0,1,10,FALSE,3,2,0.2845341931317559,26,1,2011,0.1544387292524745,2.0965907700534525,0.6470428617608774,-0.396157306,-0.533576854,-0.559507461
581,26-01-2011,0,0,1,11,FALSE,3,2,0.2845341931317559,26,1,2011,-0.037259093,2.0965907700534525,1.015142954110743,0.2372790155821797,-0.342016762,-0.29568928
582,26-01-2011,0,0,1,12,FALSE,3,2,0.2845341931317559,26,1,2011,-0.037259093,2.0965907700534525,1.015142954110743,0.3956380960035469,-0.214310034,-0.153633337
583,26-01-2011,0,0,1,13,FALSE,3,2,0.2845341931317559,26,1,2011,-0.037259093,2.0965907700534525,1.015142954110743,-0.079439145,-0.171741124,-0.173927043
584,26-01-2011,0,0,1,14,FALSE,3,2,0.2845341931317559,26,1,2011,-0.037259093,2.0965907700534525,1.2599952476827516,-0.712875467,-0.320732307,-0.397157811
585,26-01-2011,0,0,1,15,FALSE,3,2,0.2845341931317559,26,1,2011,-0.230226438,2.0965907700534525,2.1186215791684866,-0.554516387,-0.193025579,-0.255101868
586,26-01-2011,0,0,1,16,FALSE,3,3,0.2845341931317559,26,1,2011,-0.037259093,2.0965907700534525,1.015142954110743,-0.554516387,-0.342016762,-0.397157811
587,26-01-2011,0,0,1,17,FALSE,3,2,0.0383414870177544,26,1,2011,-0.230226438,2.0965907700534525,1.2599952476827516,-0.712875467,-0.533576854,-0.600094873
588,27-01-2011,0,0,1,16,FALSE,4,0,0.2845341931317559,27,1,2011,0.3474060736784892,-0.071167562,-0.089157323,-0.554516387,-0.597430218,-0.640682286
589,27-01-2011,0,0,1,17,FALSE,4,0,0.2845341931317559,27,1,2011,0.5391038961017014,-0.071167562,-0.824535856,-0.396157306,0.658352607647266,0.5769400871894925
590,27-01-2011,0,0,1,18,FALSE,4,0,0.0383414870177544,27,1,2011,0.3474060736784892,0.7274802444464873,-0.946962002,-0.237798226,1.0627572463281971,0.9828142114953284
591,27-01-2011,0,0,1,19,FALSE,4,0,0.0383414870177544,27,1,2011,0.3474060736784892,0.7274802444464873,-0.946962002,-0.237798226,0.5306458796427613,0.4754715561130335
592,27-01-2011,0,0,1,20,FALSE,4,0,-0.207851219,27,1,2011,0.1544387292524745,1.0127116039479385,-0.946962002,-0.079439145,0.0836723316269951,0.0695974318071975
593,27-01-2011,0,0,1,21,FALSE,4,0,-0.207851219,27,1,2011,0.1544387292524745,1.0127116039479385,-0.946962002,-0.396157306,-0.320732307,-0.356570399
594,27-01-2011,0,0,1,22,FALSE,4,0,-0.207851219,27,1,2011,0.1544387292524745,1.0127116039479385,-0.946962002,-0.712875467,-0.512292399,-0.579801167
595,27-01-2011,0,0,1,23,FALSE,4,0,-0.207851219,27,1,2011,-0.037259093,1.35498923534968,-0.334009617,-0.712875467,-0.7464214,-0.803031935
596,28-01-2011,0,0,1,0,FALSE,5,1,0.0383414870177544,28,1,2011,0.1544387292524745,1.069757875848229,-0.579683562,-0.712875467,-0.895412583,-0.945087879
597,28-01-2011,0,0,1,1,FALSE,5,1,0.0383414870177544,28,1,2011,0.1544387292524745,1.069757875848229,-0.579683562,-0.554516387,-1.044403766,-1.066850116
598,28-01-2011,0,0,1,2,FALSE,5,1,0.0383414870177544,28,1,2011,0.1544387292524745,1.069757875848229,-0.334009617,-0.712875467,-1.044403766,-1.087143822
599,28-01-2011,0,0,1,3,FALSE,5,1,0.0383414870177544,28,1,2011,0.3474060736784892,1.069757875848229,-0.824535856,-0.554516387,-1.086972675,-1.107437529
600,28-01-2011,0,0,1,5,FALSE,5,1,-0.207851219,28,1,2011,0.1544387292524745,1.35498923534968,-0.824535856,-0.712875467,-1.001834856,-1.04655641
601,28-01-2011,0,0,1,6,FALSE,5,1,-0.207851219,28,1,2011,-0.037259093,1.35498923534968,-0.579683562,-0.712875467,-0.7464214,-0.803031935
602,28-01-2011,0,0,1,7,FALSE,5,1,-0.454043925,28,1,2011,-0.037259093,1.697266866751421,-0.946962002,-0.396157306,0.1475256956292474,0.0898911380224893
603,28-01-2011,0,0,1,8,FALSE,5,1,-0.454043925,28,1,2011,-0.037259093,1.697266866751421,-0.946962002,-0.396157306,2.212117798368739,2.058380640905794
604,28-01-2011,0,0,1,9,FALSE,5,2,-0.207851219,28,1,2011,0.1544387292524745,1.697266866751421,-0.946962002,0.2372790155821797,0.9350505183236928,0.9219330928494532
605,28-01-2011,0,0,1,10,FALSE,5,2,-0.207851219,28,1,2011,0.1544387292524745,1.697266866751421,-0.824535856,-0.712875467,-0.044034396,-0.13333963
606,28-01-2011,0,0,1,11,FALSE,5,2,-0.207851219,28,1,2011,0.1544387292524745,2.0965907700534525,-0.824535856,-0.712875467,-0.448439035,-0.518920048
607,28-01-2011,0,0,1,12,FALSE,5,2,-0.207851219,28,1,2011,0.1544387292524745,2.0965907700534525,-0.824535856,-0.554516387,-0.491007944,-0.539213755
608,28-01-2011,0,0,1,13,FALSE,5,2,-0.207851219,28,1,2011,0.1544387292524745,2.0965907700534525,-0.824535856,-0.712875467,-0.42715458,-0.498626342
609,28-01-2011,0,0,1,14,FALSE,5,2,0.2845341931317559,28,1,2011,0.9237690629509284,1.35498923534968,-1.683162187,-0.396157306,-0.320732307,-0.356570399
610,28-01-2011,0,0,1,15,FALSE,5,1,0.0383414870177544,28,1,2011,0.7320712405277162,1.697266866751421,-1.683162187,-0.554516387,-0.235594488,-0.29568928
